date,store_id,region,product_id,category,price_usd,promo_flag,holiday_flag,is_weekend,units_sold,stock,stockout,month,lag_1,lag_7,lag_14,lag_28,rolling_mean_7,day_of_week,price_change
2025-01-11,S001,North,P0001,Beverages,2.7,1,0,1,100,100,1,1,,,,,,5,
2025-01-29,S001,North,P0001,Beverages,3.27,0,0,0,55,69,0,1,100.0,,,,,2,0.21111111111111103
2025-02-12,S001,North,P0001,Beverages,3.41,0,0,0,38,38,1,2,55.0,,,,,2,0.042813455657492394
2025-03-02,S001,North,P0001,Beverages,3.15,1,0,1,72,72,1,3,38.0,,,,,6,-0.07624633431085048
2025-04-10,S001,North,P0001,Beverages,3.07,1,0,0,88,93,0,4,72.0,,,,,3,-0.025396825396825418
2025-05-03,S001,North,P0001,Beverages,3.57,0,0,1,65,82,0,5,88.0,,,,,5,0.16286644951140072
2025-05-07,S001,North,P0001,Beverages,3.29,0,0,0,55,67,0,5,65.0,,,,,2,-0.07843137254901955
2025-05-21,S001,North,P0001,Beverages,3.7,0,0,0,50,52,0,5,55.0,100.0,,,67.57142857142857,2,0.12462006079027366
2025-06-08,S001,North,P0001,Beverages,3.51,0,0,1,77,77,1,6,50.0,55.0,,,60.42857142857143,6,-0.05135135135135149
2025-07-01,S001,North,P0001,Beverages,3.59,0,0,0,47,55,0,7,77.0,38.0,,,63.57142857142857,1,0.02279202279202286
2025-07-05,S001,North,P0001,Beverages,3.75,0,0,1,52,52,1,7,47.0,72.0,,,64.85714285714286,5,0.04456824512534818
2025-07-06,S001,North,P0001,Beverages,3.1,1,0,1,65,65,1,7,52.0,88.0,,,62.0,6,-0.17333333333333334
2025-07-15,S001,North,P0001,Beverages,3.46,0,0,0,56,70,0,7,65.0,65.0,,,58.714285714285715,1,0.11612903225806437
2025-08-08,S001,North,P0001,Beverages,3.1,1,0,0,79,101,0,8,56.0,55.0,,,57.42857142857143,4,-0.10404624277456642
2025-08-26,S001,North,P0001,Beverages,3.68,0,0,0,50,60,0,8,79.0,50.0,100.0,,60.857142857142854,1,0.1870967741935483
2025-09-10,S001,North,P0001,Beverages,3.52,0,0,0,37,37,1,9,50.0,77.0,55.0,,60.857142857142854,2,-0.0434782608695653
2025-10-16,S001,North,P0001,Beverages,3.58,0,0,0,49,61,0,10,37.0,47.0,38.0,,55.142857142857146,3,0.017045454545454586
2025-11-17,S001,North,P0001,Beverages,3.28,0,0,0,50,61,0,11,49.0,52.0,72.0,,55.42857142857143,0,-0.08379888268156432
2025-12-08,S001,North,P0001,Beverages,3.56,0,0,0,56,62,0,12,50.0,65.0,88.0,,55.142857142857146,0,0.08536585365853666
2025-12-27,S001,North,P0001,Beverages,2.91,1,0,1,68,68,1,12,56.0,56.0,65.0,,53.857142857142854,5,-0.1825842696629213
2025-01-02,S001,North,P0002,Beverages,3.56,0,0,0,58,64,0,1,,,,,,3,
2025-01-04,S001,North,P0002,Beverages,2.72,1,0,1,100,108,0,1,58.0,,,,,5,-0.2359550561797752
2025-01-23,S001,North,P0002,Beverages,3.7,0,0,0,54,54,1,1,100.0,,,,,3,0.3602941176470589
2025-01-29,S001,North,P0002,Beverages,3.15,1,0,0,76,76,1,1,54.0,,,,,2,-0.14864864864864868
2025-02-04,S001,North,P0002,Beverages,3.07,1,0,0,89,103,0,2,76.0,,,,,1,-0.025396825396825418
2025-02-25,S001,North,P0002,Beverages,3.55,0,0,0,48,59,0,2,89.0,,,,,1,0.1563517915309447
2025-03-17,S001,North,P0002,Beverages,3.73,0,0,0,45,45,1,3,48.0,,,,,0,0.05070422535211283
2025-04-30,S001,North,P0002,Beverages,3.09,1,0,0,55,55,1,4,45.0,58.0,,,67.14285714285714,2,-0.17158176943699732
2025-05-08,S001,North,P0002,Beverages,3.22,0,1,0,76,81,0,5,55.0,100.0,,,66.71428571428571,3,0.04207119741100329
2025-06-01,S001,North,P0002,Beverages,3.32,0,0,1,78,83,0,6,76.0,54.0,,,63.285714285714285,6,0.03105590062111796
2025-06-29,S001,North,P0002,Beverages,3.31,0,0,1,63,63,1,6,78.0,76.0,,,66.71428571428571,6,-0.0030120481927710108
2025-07-09,S001,North,P0002,Beverages,3.51,0,0,0,42,42,1,7,63.0,89.0,,,64.85714285714286,2,0.06042296072507547
2025-07-27,S001,North,P0002,Beverages,3.65,0,0,1,80,90,0,7,42.0,48.0,,,58.142857142857146,6,0.03988603988603989
2025-08-11,S001,North,P0002,Beverages,3.19,0,0,0,57,62,0,8,80.0,45.0,,,62.714285714285715,0,-0.126027397260274
2025-08-15,S001,North,P0002,Beverages,3.24,0,0,0,42,42,1,8,57.0,55.0,58.0,,64.42857142857143,4,0.015673981191222763
2025-09-08,S001,North,P0002,Beverages,2.75,1,0,0,72,79,0,9,42.0,76.0,100.0,,62.57142857142857,0,-0.15123456790123457
2025-09-14,S001,North,P0002,Beverages,2.98,1,0,1,84,105,0,9,72.0,78.0,54.0,,62.0,6,0.08363636363636373
2025-10-12,S001,North,P0002,Beverages,3.73,0,0,1,52,52,1,10,84.0,63.0,76.0,,62.857142857142854,6,0.2516778523489933
2025-11-05,S001,North,P0002,Beverages,3.68,0,0,0,39,46,0,11,52.0,42.0,89.0,,61.285714285714285,2,-0.013404825737265313
2025-11-09,S001,North,P0002,Beverages,3.23,1,0,1,70,70,1,11,39.0,80.0,48.0,,60.857142857142854,6,-0.12228260869565222
2025-11-22,S001,North,P0002,Beverages,3.57,0,1,1,75,75,1,11,70.0,57.0,45.0,,59.42857142857143,5,0.10526315789473673
2025-11-22,S001,North,P0002,Beverages,3.2,0,0,1,54,54,1,11,75.0,42.0,55.0,,62.0,5,-0.10364145658263302
2025-12-03,S001,North,P0002,Beverages,3.42,0,0,0,51,63,0,12,54.0,72.0,76.0,,63.714285714285715,2,0.06874999999999987
2025-12-07,S001,North,P0002,Beverages,2.69,1,0,1,87,112,0,12,51.0,84.0,78.0,,60.714285714285715,6,-0.21345029239766078
2025-01-01,S001,North,P0456,Snacks,2.14,0,0,0,74,74,1,1,,,,,,2,
2025-02-16,S001,North,P0456,Snacks,1.98,0,0,1,107,126,0,2,74.0,,,,,6,-0.07476635514018692
2025-03-04,S001,North,P0456,Snacks,1.73,1,0,0,128,138,0,3,107.0,,,,,1,-0.1262626262626263
2025-03-14,S001,North,P0456,Snacks,1.97,0,0,0,63,65,0,3,128.0,,,,,4,0.1387283236994219
2025-03-31,S001,North,P0456,Snacks,2.1,0,0,0,57,57,1,3,63.0,,,,,0,0.06598984771573613
2025-04-11,S001,North,P0456,Snacks,1.63,1,0,0,130,130,0,4,57.0,,,,,4,-0.2238095238095239
2025-04-14,S001,North,P0456,Snacks,2.09,0,0,0,74,74,1,4,130.0,,,,,0,0.28220858895705514
2025-04-22,S001,North,P0456,Snacks,1.59,1,0,0,133,147,0,4,74.0,74.0,,,90.42857142857143,1,-0.23923444976076547
2025-05-06,S001,North,P0456,Snacks,1.9,0,0,0,60,60,1,5,133.0,107.0,,,98.85714285714286,1,0.19496855345911945
2025-06-14,S001,North,P0456,Snacks,1.86,0,0,1,66,66,1,6,60.0,128.0,,,92.14285714285714,5,-0.021052631578947323
2025-06-21,S001,North,P0456,Snacks,1.82,0,0,1,105,132,0,6,66.0,63.0,,,83.28571428571429,5,-0.021505376344086002
2025-06-22,S001,North,P0456,Snacks,2.1,0,0,1,85,85,1,6,105.0,57.0,,,89.28571428571429,6,0.15384615384615397
2025-06-25,S001,North,P0456,Snacks,1.9,0,0,0,76,84,0,6,85.0,130.0,,,93.28571428571429,2,-0.09523809523809534
2025-07-20,S001,North,P0456,Snacks,1.87,0,0,1,126,154,0,7,76.0,74.0,,,85.57142857142857,6,-0.015789473684210464
2025-07-22,S001,North,P0456,Snacks,1.8,0,0,0,88,101,0,7,126.0,133.0,74.0,,93.0,1,-0.03743315508021394
2025-08-05,S001,North,P0456,Snacks,1.67,1,0,0,93,93,1,8,88.0,60.0,107.0,,86.57142857142857,1,-0.0722222222222223
2025-09-13,S001,North,P0456,Snacks,2.19,0,0,1,124,152,0,9,93.0,66.0,128.0,,91.28571428571429,5,0.31137724550898205
2025-11-26,S001,North,P0456,Snacks,2.15,0,0,0,76,96,0,11,124.0,105.0,63.0,,99.57142857142857,2,-0.0182648401826484
2025-12-16,S001,North,P0456,Snacks,1.56,1,0,0,136,162,0,12,76.0,85.0,57.0,,95.42857142857143,1,-0.27441860465116275
2025-12-24,S001,North,P0456,Snacks,1.66,1,0,0,137,137,1,12,136.0,76.0,130.0,,102.71428571428571,2,0.0641025641025641
2025-02-17,S001,North,P0457,Snacks,1.67,1,0,0,136,151,0,2,,,,,,0,
2025-02-20,S001,North,P0457,Snacks,1.8,0,0,0,70,76,0,2,136.0,,,,,3,0.07784431137724557
2025-04-04,S001,North,P0457,Snacks,1.92,0,0,0,65,65,1,4,70.0,,,,,4,0.06666666666666665
2025-04-23,S001,North,P0457,Snacks,1.93,0,0,0,83,88,0,4,65.0,,,,,2,0.005208333333333259
2025-04-28,S001,North,P0457,Snacks,1.67,1,0,0,144,183,0,4,83.0,,,,,0,-0.13471502590673579
2025-04-30,S001,North,P0457,Snacks,2.17,0,0,0,67,77,0,4,144.0,,,,,2,0.29940119760479034
2025-05-08,S001,North,P0457,Snacks,2.05,0,0,0,85,85,0,5,67.0,,,,,3,-0.055299539170507006
2025-05-13,S001,North,P0457,Snacks,1.82,0,0,0,59,59,1,5,85.0,136.0,,,92.85714285714286,1,-0.11219512195121939
2025-05-30,S001,North,P0457,Snacks,1.84,0,0,0,65,65,1,5,59.0,70.0,,,81.85714285714286,4,0.01098901098901095
2025-06-16,S001,North,P0457,Snacks,1.93,0,0,0,65,73,0,6,65.0,65.0,,,81.14285714285714,0,0.048913043478260754
2025-06-16,S001,North,P0457,Snacks,1.6,1,0,0,150,150,1,6,65.0,83.0,,,81.14285714285714,0,-0.17098445595854916
2025-06-26,S001,North,P0457,Snacks,1.83,0,0,0,73,73,1,6,150.0,144.0,,,90.71428571428571,3,0.14375000000000004
2025-07-14,S001,North,P0457,Snacks,2.11,0,0,0,82,82,0,7,73.0,67.0,,,80.57142857142857,0,0.15300546448087426
2025-07-15,S001,North,P0457,Snacks,2.19,0,1,0,118,151,0,7,82.0,85.0,,,82.71428571428571,1,0.03791469194312791
2025-07-22,S001,North,P0457,Snacks,2.07,0,0,0,60,60,1,7,118.0,59.0,136.0,,87.42857142857143,1,-0.0547945205479452
2025-07-31,S001,North,P0457,Snacks,2.09,0,0,0,93,120,0,7,60.0,65.0,70.0,,87.57142857142857,3,0.009661835748792313
2025-08-17,S001,North,P0457,Snacks,2.1,0,0,1,114,147,0,8,93.0,65.0,65.0,,91.57142857142857,6,0.004784688995215447
2025-08-21,S001,North,P0457,Snacks,1.98,0,0,0,68,79,0,8,114.0,150.0,83.0,,98.57142857142857,3,-0.05714285714285716
2025-08-24,S001,North,P0457,Snacks,1.86,0,0,1,106,133,0,8,68.0,73.0,144.0,,86.85714285714286,6,-0.06060606060606055
2025-08-27,S001,North,P0457,Snacks,2.14,0,0,0,64,64,1,8,106.0,82.0,67.0,,91.57142857142857,2,0.15053763440860224
2025-08-31,S001,North,P0457,Snacks,2.0,0,0,1,81,81,1,8,64.0,118.0,85.0,,89.0,6,-0.06542056074766356
2025-09-09,S001,North,P0457,Snacks,1.83,0,0,0,69,69,1,9,81.0,60.0,59.0,,83.71428571428571,1,-0.08499999999999996
2025-10-13,S001,North,P0457,Snacks,1.84,1,0,0,114,117,0,10,69.0,93.0,65.0,,85.0,0,0.005464480874316946
2025-10-16,S001,North,P0457,Snacks,2.15,0,0,0,66,66,1,10,114.0,114.0,65.0,,88.0,3,0.1684782608695652
2025-11-21,S001,North,P0457,Snacks,1.87,0,0,0,85,85,1,11,66.0,68.0,150.0,,81.14285714285714,4,-0.13023255813953483
2025-11-29,S001,North,P0457,Snacks,2.12,0,0,1,96,96,1,11,85.0,106.0,73.0,,83.57142857142857,5,0.1336898395721926
2025-01-25,S001,North,P0789,Dairy,4.17,0,0,1,61,61,1,1,,,,,,5,
2025-03-13,S001,North,P0789,Dairy,3.9,0,0,0,41,41,1,3,61.0,,,,,3,-0.06474820143884896
2025-03-16,S001,North,P0789,Dairy,4.61,0,0,1,39,41,0,3,41.0,,,,,6,0.18205128205128207
2025-04-13,S001,North,P0789,Dairy,3.99,0,0,1,39,39,1,4,39.0,,,,,6,-0.13449023861171372
2025-05-07,S001,North,P0789,Dairy,4.4,0,0,0,30,30,1,5,39.0,,,,,2,0.10275689223057638
2025-05-25,S001,North,P0789,Dairy,3.87,0,0,1,58,67,0,5,30.0,,,,,6,-0.12045454545454548
2025-05-30,S001,North,P0789,Dairy,3.65,1,0,0,57,63,0,5,58.0,,,,,4,-0.05684754521963831
2025-05-30,S001,North,P0789,Dairy,3.67,1,0,0,44,44,1,5,57.0,61.0,,,46.42857142857143,4,0.005479452054794498
2025-05-31,S001,North,P0789,Dairy,3.54,1,0,1,63,63,1,5,44.0,41.0,,,44.0,5,-0.03542234332425065
2025-07-20,S001,North,P0789,Dairy,3.65,1,0,1,81,83,0,7,63.0,39.0,,,47.142857142857146,6,0.031073446327683607
2025-07-24,S001,North,P0789,Dairy,4.48,0,0,0,39,39,1,7,81.0,39.0,,,53.142857142857146,3,0.22739726027397267
2025-09-08,S001,North,P0789,Dairy,3.81,0,0,0,33,33,1,9,39.0,30.0,,,53.142857142857146,0,-0.1495535714285715
2025-09-25,S001,North,P0789,Dairy,3.23,1,0,0,54,64,0,9,33.0,58.0,,,53.57142857142857,3,-0.15223097112860895
2025-10-09,S001,North,P0789,Dairy,4.28,0,0,0,40,51,0,10,54.0,57.0,,,53.0,3,0.32507739938080493
2025-11-24,S001,North,P0789,Dairy,3.55,1,0,0,56,72,0,11,40.0,44.0,61.0,,50.57142857142857,0,-0.17056074766355145
2025-12-12,S001,North,P0789,Dairy,3.44,1,0,0,48,48,1,12,56.0,63.0,41.0,,52.285714285714285,4,-0.030985915492957705
2025-01-03,S001,North,P0790,Dairy,3.99,0,0,0,29,29,1,1,,,,,,4,
2025-03-03,S001,North,P0790,Dairy,4.12,0,0,0,24,24,1,3,29.0,,,,,0,0.032581453634085156
2025-03-10,S001,North,P0790,Dairy,3.85,1,1,0,58,58,1,3,24.0,,,,,0,-0.06553398058252424
2025-04-05,S001,North,P0790,Dairy,3.54,1,0,1,62,62,1,4,58.0,,,,,5,-0.08051948051948055
2025-04-11,S001,North,P0790,Dairy,4.26,0,0,0,39,45,0,4,62.0,,,,,4,0.20338983050847448
2025-06-03,S001,North,P0790,Dairy,4.38,0,0,0,34,34,1,6,39.0,,,,,1,0.028169014084507005
2025-06-28,S001,North,P0790,Dairy,3.37,1,1,1,93,109,0,6,34.0,,,,,5,-0.23059360730593603
2025-07-08,S001,North,P0790,Dairy,3.85,1,0,0,62,69,0,7,93.0,29.0,,,48.42857142857143,1,0.14243323442136502
2025-07-21,S001,North,P0790,Dairy,4.14,0,0,0,43,51,0,7,62.0,24.0,,,53.142857142857146,0,0.07532467532467524
2025-07-22,S001,North,P0790,Dairy,4.42,0,0,0,26,26,1,7,43.0,58.0,,,55.857142857142854,1,0.06763285024154597
2025-08-06,S001,North,P0790,Dairy,4.15,0,0,0,28,33,0,8,26.0,62.0,,,51.285714285714285,2,-0.06108597285067863
2025-08-30,S001,North,P0790,Dairy,4.32,0,0,1,48,48,0,8,28.0,39.0,,,46.42857142857143,5,0.04096385542168668
2025-08-31,S001,North,P0790,Dairy,4.12,0,0,1,39,39,1,8,48.0,34.0,,,47.714285714285715,6,-0.04629629629629628
2025-09-10,S001,North,P0790,Dairy,4.33,0,0,0,50,58,0,9,39.0,93.0,,,48.42857142857143,2,0.050970873786407855
2025-10-19,S001,North,P0790,Dairy,4.09,0,0,1,49,49,1,10,50.0,62.0,29.0,,42.285714285714285,6,-0.05542725173210161
2025-10-22,S001,North,P0790,Dairy,3.35,1,0,0,77,77,1,10,49.0,43.0,24.0,,40.42857142857143,2,-0.18092909535452317
2025-11-09,S001,North,P0790,Dairy,3.81,0,0,1,44,44,1,11,77.0,26.0,58.0,,45.285714285714285,6,0.13731343283582098
2025-12-06,S001,North,P0790,Dairy,3.92,0,0,1,46,46,0,12,44.0,28.0,62.0,,47.857142857142854,5,0.02887139107611536
2025-12-21,S001,North,P0790,Dairy,3.26,1,0,1,67,78,0,12,46.0,48.0,39.0,,50.42857142857143,6,-0.16836734693877553
2025-01-25,S001,North,P0912,Personal Care,6.05,1,0,1,43,43,1,1,,,,,,5,
2025-02-05,S001,North,P0912,Personal Care,5.77,1,0,0,24,24,1,2,43.0,,,,,2,-0.046280991735537236
2025-02-11,S001,North,P0912,Personal Care,5.11,1,0,0,41,46,0,2,24.0,,,,,1,-0.11438474870017323
2025-03-01,S001,North,P0912,Personal Care,6.97,0,0,1,22,22,1,3,41.0,,,,,5,0.36399217221135016
2025-03-24,S001,North,P0912,Personal Care,7.07,0,0,0,26,26,1,3,22.0,,,,,0,0.01434720229555242
2025-03-30,S001,North,P0912,Personal Care,6.16,0,0,1,34,39,0,3,26.0,,,,,6,-0.12871287128712872
2025-04-06,S001,North,P0912,Personal Care,5.36,1,0,1,46,50,0,4,34.0,,,,,6,-0.1298701298701298
2025-05-01,S001,North,P0912,Personal Care,5.89,0,0,0,25,29,0,5,46.0,43.0,,,33.714285714285715,3,0.09888059701492535
2025-05-08,S001,North,P0912,Personal Care,6.88,0,0,0,26,26,0,5,25.0,24.0,,,31.142857142857142,3,0.1680814940577251
2025-06-06,S001,North,P0912,Personal Care,6.03,1,0,0,17,17,1,6,26.0,41.0,,,31.428571428571427,4,-0.12354651162790697
2025-07-01,S001,North,P0912,Personal Care,6.58,0,0,0,14,14,1,7,17.0,22.0,,,28.0,1,0.09121061359867322
2025-07-10,S001,North,P0912,Personal Care,6.41,0,0,0,17,17,1,7,14.0,26.0,,,26.857142857142858,3,-0.02583586626139811
2025-07-11,S001,North,P0912,Personal Care,6.94,0,0,0,13,16,0,7,17.0,34.0,,,25.571428571428573,4,0.08268330733229323
2025-08-02,S001,North,P0912,Personal Care,6.74,0,0,1,38,46,0,8,13.0,46.0,,,22.571428571428573,5,-0.028818443804034644
2025-08-03,S001,North,P0912,Personal Care,5.61,1,0,1,48,48,1,8,38.0,25.0,43.0,,21.428571428571427,6,-0.16765578635014833
2025-08-08,S001,North,P0912,Personal Care,5.72,1,1,0,40,40,1,8,48.0,26.0,24.0,,24.714285714285715,4,0.019607843137254832
2025-08-08,S001,North,P0912,Personal Care,5.06,1,0,0,53,64,0,8,40.0,17.0,41.0,,26.714285714285715,4,-0.11538461538461542
2025-08-08,S001,North,P0912,Personal Care,7.15,0,0,0,32,33,0,8,53.0,14.0,22.0,,31.857142857142858,4,0.41304347826086985
2025-09-13,S001,North,P0912,Personal Care,7.1,0,0,1,31,34,0,9,32.0,17.0,26.0,,34.42857142857143,5,-0.006993006993007089
2025-10-28,S001,North,P0912,Personal Care,6.28,0,0,0,22,26,0,10,31.0,13.0,34.0,,36.42857142857143,1,-0.11549295774647883
2025-01-07,S001,North,P0913,Personal Care,5.89,0,0,0,35,35,0,1,,,,,,1,
2025-01-11,S001,North,P0913,Personal Care,6.98,0,0,1,23,23,1,1,35.0,,,,,5,0.18505942275042453
2025-01-25,S001,North,P0913,Personal Care,5.39,1,0,1,38,38,1,1,23.0,,,,,5,-0.22779369627507173
2025-02-08,S001,North,P0913,Personal Care,7.14,0,1,1,39,39,1,2,38.0,,,,,5,0.3246753246753247
2025-02-20,S001,North,P0913,Personal Care,6.76,0,0,0,22,25,0,2,39.0,,,,,3,-0.053221288515406195
2025-03-23,S001,North,P0913,Personal Care,5.74,1,0,1,49,62,0,3,22.0,,,,,6,-0.15088757396449703
2025-03-27,S001,North,P0913,Personal Care,6.1,0,0,0,24,24,1,3,49.0,,,,,3,0.06271777003484313
2025-06-09,S001,North,P0913,Personal Care,6.16,0,0,0,27,27,1,6,24.0,35.0,,,32.857142857142854,0,0.009836065573770592
2025-06-09,S001,North,P0913,Personal Care,6.84,0,0,0,14,14,1,6,27.0,23.0,,,31.714285714285715,0,0.11038961038961026
2025-06-11,S001,North,P0913,Personal Care,6.03,0,0,0,19,20,0,6,14.0,38.0,,,30.428571428571427,2,-0.11842105263157887
2025-06-27,S001,North,P0913,Personal Care,5.04,1,0,0,32,34,0,6,19.0,39.0,,,27.714285714285715,4,-0.16417910447761197
2025-07-27,S001,North,P0913,Personal Care,5.18,1,0,1,43,50,0,7,32.0,22.0,,,26.714285714285715,6,0.02777777777777768
2025-08-15,S001,North,P0913,Personal Care,6.99,0,0,0,22,22,1,8,43.0,49.0,,,29.714285714285715,4,0.3494208494208495
2025-08-17,S001,North,P0913,Personal Care,7.13,0,0,1,25,25,1,8,22.0,24.0,,,25.857142857142858,6,0.02002861230329045
2025-09-18,S001,North,P0913,Personal Care,7.09,0,0,0,22,24,0,9,25.0,27.0,35.0,,26.0,3,-0.005610098176718092
2025-09-24,S001,North,P0913,Personal Care,6.15,0,0,0,16,16,1,9,22.0,14.0,23.0,,25.285714285714285,2,-0.13258110014104363
2025-09-30,S001,North,P0913,Personal Care,5.39,1,0,0,43,43,0,9,16.0,19.0,38.0,,25.571428571428573,1,-0.1235772357723578
2025-10-08,S001,North,P0913,Personal Care,5.76,1,1,0,40,40,1,10,43.0,32.0,39.0,,29.0,2,0.06864564007421148
2025-10-08,S001,North,P0913,Personal Care,6.9,0,0,0,16,16,1,10,40.0,43.0,22.0,,30.142857142857142,2,0.19791666666666674
2025-10-10,S001,North,P0913,Personal Care,6.44,0,0,0,28,28,1,10,16.0,22.0,49.0,,26.285714285714285,4,-0.06666666666666665
2025-11-13,S001,North,P0913,Personal Care,7.1,0,0,0,16,16,1,11,28.0,25.0,24.0,,27.142857142857142,3,0.10248447204968936
2025-11-18,S001,North,P0913,Personal Care,6.59,0,1,0,32,32,1,11,16.0,22.0,27.0,,25.857142857142858,1,-0.07183098591549297
2025-01-11,S002,North,P0001,Beverages,3.18,0,0,1,54,68,0,1,,,,,,5,
2025-01-12,S002,North,P0001,Beverages,3.63,0,0,1,65,79,0,1,54.0,,,,,6,0.141509433962264
2025-01-15,S002,North,P0001,Beverages,2.69,1,0,0,84,86,0,1,65.0,,,,,2,-0.2589531680440771
2025-03-16,S002,North,P0001,Beverages,3.2,0,0,1,62,76,0,3,84.0,,,,,6,0.18959107806691455
2025-03-27,S002,North,P0001,Beverages,3.53,0,0,0,33,33,1,3,62.0,,,,,3,0.10312499999999991
2025-04-30,S002,North,P0001,Beverages,3.35,0,0,0,57,64,0,4,33.0,,,,,2,-0.050991501416430496
2025-05-15,S002,North,P0001,Beverages,3.18,0,0,0,48,59,0,5,57.0,,,,,3,-0.05074626865671639
2025-05-24,S002,North,P0001,Beverages,2.78,1,0,1,83,83,1,5,48.0,54.0,,,57.57142857142857,5,-0.12578616352201266
2025-05-27,S002,North,P0001,Beverages,3.63,0,0,0,56,68,0,5,83.0,65.0,,,61.714285714285715,1,0.30575539568345333
2025-06-02,S002,North,P0001,Beverages,3.1,1,0,0,59,59,1,6,56.0,84.0,,,60.42857142857143,0,-0.1460055096418732
2025-06-06,S002,North,P0001,Beverages,3.49,0,0,0,32,32,1,6,59.0,62.0,,,56.857142857142854,4,0.12580645161290316
2025-06-11,S002,North,P0001,Beverages,3.41,0,0,0,29,29,1,6,32.0,33.0,,,52.57142857142857,2,-0.022922636103151928
2025-07-15,S002,North,P0001,Beverages,3.19,1,0,0,67,67,1,7,29.0,57.0,,,52.0,1,-0.06451612903225812
2025-08-03,S002,North,P0001,Beverages,2.69,1,0,1,108,108,1,8,67.0,48.0,,,53.42857142857143,6,-0.15673981191222575
2025-08-05,S002,North,P0001,Beverages,3.54,0,0,0,40,40,1,8,108.0,83.0,54.0,,62.0,1,0.3159851301115242
2025-08-11,S002,North,P0001,Beverages,3.43,0,0,0,44,44,1,8,40.0,56.0,65.0,,55.857142857142854,0,-0.031073446327683607
2025-08-12,S002,North,P0001,Beverages,3.73,0,0,0,44,46,0,8,44.0,59.0,84.0,,54.142857142857146,1,0.0874635568513118
2025-09-19,S002,North,P0001,Beverages,3.78,0,0,0,59,74,0,9,44.0,32.0,62.0,,52.0,4,0.013404825737265424
2025-10-20,S002,North,P0001,Beverages,2.91,1,0,0,98,101,0,10,59.0,29.0,33.0,,55.857142857142854,0,-0.23015873015873012
2025-11-24,S002,North,P0001,Beverages,3.5,0,0,0,63,73,0,11,98.0,67.0,57.0,,65.71428571428571,0,0.20274914089347074
2025-02-06,S002,North,P0002,Beverages,3.55,0,0,0,55,66,0,2,,,,,,3,
2025-03-08,S002,North,P0002,Beverages,3.57,0,0,1,53,53,1,3,55.0,,,,,5,0.005633802816901401
2025-04-06,S002,North,P0002,Beverages,3.74,0,0,1,58,58,0,4,53.0,,,,,6,0.04761904761904767
2025-04-29,S002,North,P0002,Beverages,2.84,1,0,0,74,74,1,4,58.0,,,,,1,-0.2406417112299466
2025-05-02,S002,North,P0002,Beverages,3.7,0,0,0,60,73,0,5,74.0,,,,,4,0.30281690140845074
2025-05-23,S002,North,P0002,Beverages,3.44,0,0,0,49,63,0,5,60.0,,,,,4,-0.07027027027027033
2025-07-18,S002,North,P0002,Beverages,3.36,0,0,0,34,34,1,7,49.0,,,,,4,-0.023255813953488413
2025-07-20,S002,North,P0002,Beverages,3.03,1,0,1,82,83,0,7,34.0,55.0,,,54.714285714285715,6,-0.0982142857142857
2025-08-27,S002,North,P0002,Beverages,3.84,0,0,0,56,60,0,8,82.0,53.0,,,58.57142857142857,2,0.26732673267326734
2025-09-09,S002,North,P0002,Beverages,2.88,1,0,0,88,95,0,9,56.0,58.0,,,59.0,1,-0.25
2025-10-27,S002,North,P0002,Beverages,3.57,0,1,0,80,80,0,10,88.0,74.0,,,63.285714285714285,0,0.23958333333333326
2025-11-07,S002,North,P0002,Beverages,3.5,0,0,0,57,57,1,11,80.0,60.0,,,64.14285714285714,4,-0.019607843137254832
2025-11-07,S002,North,P0002,Beverages,3.84,0,0,0,46,46,1,11,57.0,49.0,,,63.714285714285715,4,0.0971428571428572
2025-11-26,S002,North,P0002,Beverages,3.23,0,0,0,58,64,0,11,46.0,34.0,,,63.285714285714285,2,-0.15885416666666663
2025-12-01,S002,North,P0002,Beverages,3.07,1,0,0,77,97,0,12,58.0,82.0,55.0,,66.71428571428571,0,-0.049535603715170295
2025-12-04,S002,North,P0002,Beverages,3.58,0,0,0,40,40,1,12,77.0,56.0,53.0,,66.0,3,0.16612377850162874
2025-12-31,S002,North,P0002,Beverages,3.26,1,0,0,84,97,0,12,40.0,88.0,58.0,,63.714285714285715,2,-0.08938547486033532
2025-01-19,S002,North,P0456,Snacks,2.19,0,0,1,84,84,1,1,,,,,,6,
2025-02-01,S002,North,P0456,Snacks,2.11,0,0,1,71,71,1,2,84.0,,,,,5,-0.0365296803652968
2025-02-07,S002,North,P0456,Snacks,2.02,0,0,0,65,65,1,2,71.0,,,,,4,-0.04265402843601884
2025-02-08,S002,North,P0456,Snacks,2.05,0,0,1,77,77,1,2,65.0,,,,,5,0.014851485148514865
2025-02-23,S002,North,P0456,Snacks,1.84,0,0,1,101,101,1,2,77.0,,,,,6,-0.10243902439024377
2025-05-02,S002,North,P0456,Snacks,1.83,1,0,0,110,110,1,5,101.0,,,,,4,-0.005434782608695676
2025-05-29,S002,North,P0456,Snacks,2.16,0,0,0,67,67,1,5,110.0,,,,,3,0.180327868852459
2025-06-27,S002,North,P0456,Snacks,1.85,0,0,0,71,71,1,6,67.0,84.0,,,82.14285714285714,4,-0.1435185185185185
2025-07-11,S002,North,P0456,Snacks,2.02,0,0,0,56,56,1,7,71.0,71.0,,,80.28571428571429,4,0.09189189189189184
2025-07-18,S002,North,P0456,Snacks,1.96,0,0,0,69,80,0,7,56.0,65.0,,,78.14285714285714,4,-0.02970297029702973
2025-08-03,S002,North,P0456,Snacks,2.09,0,0,1,83,83,1,8,69.0,77.0,,,78.71428571428571,6,0.06632653061224492
2025-08-11,S002,North,P0456,Snacks,2.16,0,0,0,67,74,0,8,83.0,101.0,,,79.57142857142857,0,0.03349282296650724
2025-08-11,S002,North,P0456,Snacks,1.8,1,0,0,111,134,0,8,67.0,110.0,,,74.71428571428571,0,-0.16666666666666674
2025-08-19,S002,North,P0456,Snacks,1.91,0,0,0,72,72,1,8,111.0,67.0,,,74.85714285714286,1,0.061111111111111116
2025-09-21,S002,North,P0456,Snacks,1.97,0,0,1,101,101,1,9,72.0,71.0,84.0,,75.57142857142857,6,0.03141361256544495
2025-10-13,S002,North,P0456,Snacks,2.02,0,0,0,78,82,0,10,101.0,56.0,71.0,,79.85714285714286,0,0.025380710659898442
2025-10-30,S002,North,P0456,Snacks,2.1,0,0,0,92,105,0,10,78.0,69.0,65.0,,83.0,3,0.03960396039603964
2025-11-21,S002,North,P0456,Snacks,1.81,1,0,0,114,129,0,11,92.0,83.0,77.0,,86.28571428571429,4,-0.13809523809523816
2025-12-01,S002,North,P0456,Snacks,1.94,0,0,0,65,65,1,12,114.0,67.0,101.0,,90.71428571428571,0,0.07182320441988943
2025-12-15,S002,North,P0456,Snacks,2.1,0,0,0,76,76,1,12,65.0,111.0,110.0,,90.42857142857143,0,0.08247422680412386
2025-12-15,S002,North,P0456,Snacks,2.15,0,0,0,71,71,1,12,76.0,72.0,67.0,,85.42857142857143,0,0.023809523809523725
2025-01-07,S002,North,P0457,Snacks,2.12,0,0,0,56,56,1,1,,,,,,1,
2025-02-27,S002,North,P0457,Snacks,1.92,0,0,0,82,88,0,2,56.0,,,,,3,-0.09433962264150952
2025-03-06,S002,North,P0457,Snacks,2.13,0,0,0,89,89,1,3,82.0,,,,,3,0.109375
2025-03-22,S002,North,P0457,Snacks,1.59,1,0,1,150,166,0,3,89.0,,,,,5,-0.25352112676056326
2025-04-18,S002,North,P0457,Snacks,1.57,1,1,0,155,178,0,4,150.0,,,,,4,-0.012578616352201255
2025-04-28,S002,North,P0457,Snacks,2.05,0,0,0,91,117,0,4,155.0,,,,,0,0.30573248407643305
2025-05-21,S002,North,P0457,Snacks,2.06,0,0,0,66,66,1,5,91.0,,,,,2,0.004878048780487809
2025-06-19,S002,North,P0457,Snacks,2.0,0,0,0,83,88,0,6,66.0,56.0,,,98.42857142857143,3,-0.029126213592232997
2025-10-23,S002,North,P0457,Snacks,1.56,1,0,0,133,165,0,10,83.0,82.0,,,102.28571428571429,3,-0.21999999999999997
2025-11-16,S002,North,P0457,Snacks,2.1,0,0,1,78,78,1,11,133.0,89.0,,,109.57142857142857,6,0.34615384615384626
2025-12-31,S002,North,P0457,Snacks,1.74,1,1,0,155,169,0,12,78.0,150.0,,,108.0,2,-0.17142857142857149
2025-01-05,S002,North,P0789,Dairy,4.38,0,0,1,53,54,0,1,,,,,,6,
2025-01-17,S002,North,P0789,Dairy,4.0,0,1,0,57,71,0,1,53.0,,,,,4,-0.08675799086757985
2025-06-18,S002,North,P0789,Dairy,3.82,1,0,0,77,82,0,6,57.0,,,,,2,-0.04500000000000004
2025-06-27,S002,North,P0789,Dairy,4.42,0,0,0,29,29,1,6,77.0,,,,,4,0.15706806282722519
2025-07-26,S002,North,P0789,Dairy,3.61,1,0,1,85,85,1,7,29.0,,,,,5,-0.18325791855203621
2025-07-31,S002,North,P0789,Dairy,3.65,1,0,0,53,53,1,7,85.0,,,,,3,0.011080332409972415
2025-09-12,S002,North,P0789,Dairy,4.21,0,0,0,36,36,1,9,53.0,,,,,4,0.1534246575342466
2025-09-14,S002,North,P0789,Dairy,4.08,0,0,1,50,51,0,9,36.0,53.0,,,55.714285714285715,6,-0.030878859857482177
2025-09-27,S002,North,P0789,Dairy,3.57,1,0,1,81,97,0,9,50.0,57.0,,,55.285714285714285,5,-0.125
2025-10-21,S002,North,P0789,Dairy,3.82,0,0,0,46,46,1,10,81.0,77.0,,,58.714285714285715,1,0.07002801120448177
2025-10-28,S002,North,P0789,Dairy,4.44,0,0,0,34,34,0,10,46.0,29.0,,,54.285714285714285,1,0.1623036649214662
2025-12-05,S002,North,P0789,Dairy,4.1,0,0,0,32,32,1,12,34.0,85.0,,,55.0,4,-0.07657657657657668
2025-12-31,S002,North,P0789,Dairy,3.83,0,0,0,44,44,1,12,32.0,53.0,,,47.42857142857143,2,-0.06585365853658531
2025-01-08,S002,North,P0790,Dairy,4.18,0,0,0,41,41,1,1,,,,,,2,
2025-01-17,S002,North,P0790,Dairy,4.17,0,0,0,27,34,0,1,41.0,,,,,4,-0.0023923444976076125
2025-03-16,S002,North,P0790,Dairy,4.31,0,0,1,29,29,1,3,27.0,,,,,6,0.033573141486810565
2025-04-16,S002,North,P0790,Dairy,3.92,0,0,0,43,46,0,4,29.0,,,,,2,-0.09048723897911826
2025-05-24,S002,North,P0790,Dairy,4.05,0,0,1,36,36,1,5,43.0,,,,,5,0.03316326530612246
2025-06-10,S002,North,P0790,Dairy,4.57,0,0,0,29,29,1,6,36.0,,,,,1,0.1283950617283951
2025-06-12,S002,North,P0790,Dairy,3.57,1,0,0,48,48,1,6,29.0,,,,,3,-0.21881838074398263
2025-06-15,S002,North,P0790,Dairy,3.8,0,1,1,75,77,0,6,48.0,41.0,,,36.142857142857146,6,0.06442577030812324
2025-06-19,S002,North,P0790,Dairy,4.41,0,0,0,32,32,1,6,75.0,27.0,,,41.0,3,0.16052631578947385
2025-07-09,S002,North,P0790,Dairy,4.34,0,0,0,46,50,0,7,32.0,29.0,,,41.714285714285715,2,-0.015873015873015928
2025-07-09,S002,North,P0790,Dairy,4.44,0,0,0,44,44,1,7,46.0,43.0,,,44.142857142857146,2,0.023041474654378113
2025-08-13,S002,North,P0790,Dairy,3.8,0,0,0,40,45,0,8,44.0,36.0,,,44.285714285714285,2,-0.14414414414414423
2025-09-08,S002,North,P0790,Dairy,3.71,1,0,0,61,77,0,9,40.0,29.0,,,44.857142857142854,0,-0.023684210526315752
2025-11-02,S002,North,P0790,Dairy,3.93,1,0,1,55,55,1,11,61.0,48.0,,,49.42857142857143,6,0.05929919137466322
2025-11-07,S002,North,P0790,Dairy,3.62,1,0,0,44,44,1,11,55.0,75.0,41.0,,50.42857142857143,4,-0.07888040712468192
2025-11-08,S002,North,P0790,Dairy,4.23,0,0,1,37,37,1,11,44.0,32.0,27.0,,46.0,5,0.16850828729281786
2025-11-09,S002,North,P0790,Dairy,3.55,1,0,1,74,92,0,11,37.0,46.0,29.0,,46.714285714285715,6,-0.16075650118203322
2025-12-12,S002,North,P0790,Dairy,4.46,0,1,0,48,48,1,12,74.0,44.0,43.0,,50.714285714285715,4,0.2563380281690142
2025-12-26,S002,North,P0790,Dairy,3.87,0,0,0,33,38,0,12,48.0,40.0,36.0,,51.285714285714285,4,-0.132286995515695
2025-01-09,S002,North,P0912,Personal Care,6.21,0,0,0,21,21,1,1,,,,,,3,
2025-01-10,S002,North,P0912,Personal Care,5.46,1,0,0,30,31,0,1,21.0,,,,,4,-0.12077294685990336
2025-01-12,S002,North,P0912,Personal Care,5.01,1,0,1,35,35,1,1,30.0,,,,,6,-0.08241758241758246
2025-01-26,S002,North,P0912,Personal Care,5.35,1,0,1,46,52,0,1,35.0,,,,,6,0.06786427145708585
2025-03-22,S002,North,P0912,Personal Care,6.46,0,0,1,31,37,0,3,46.0,,,,,5,0.20747663551401874
2025-04-03,S002,North,P0912,Personal Care,7.03,0,0,0,18,18,1,4,31.0,,,,,3,0.08823529411764719
2025-04-22,S002,North,P0912,Personal Care,7.14,0,0,0,21,25,0,4,18.0,,,,,1,0.01564722617354186
2025-05-02,S002,North,P0912,Personal Care,6.73,0,0,0,25,25,1,5,21.0,21.0,,,28.857142857142858,4,-0.05742296918767498
2025-05-06,S002,North,P0912,Personal Care,6.3,0,0,0,28,31,0,5,25.0,30.0,,,29.428571428571427,1,-0.06389301634472522
2025-05-25,S002,North,P0912,Personal Care,5.13,1,0,1,55,55,1,5,28.0,35.0,,,29.142857142857142,6,-0.18571428571428572
2025-05-29,S002,North,P0912,Personal Care,5.89,1,0,0,39,47,0,5,55.0,46.0,,,32.0,3,0.14814814814814814
2025-06-07,S002,North,P0912,Personal Care,6.16,0,0,1,27,27,1,6,39.0,31.0,,,31.0,5,0.045840407470288724
2025-06-22,S002,North,P0912,Personal Care,5.22,1,0,1,33,33,1,6,27.0,18.0,,,30.428571428571427,6,-0.15259740259740262
2025-06-23,S002,North,P0912,Personal Care,5.87,1,0,0,28,28,1,6,33.0,21.0,,,32.57142857142857,0,0.12452107279693503
2025-07-07,S002,North,P0912,Personal Care,7.02,0,0,0,23,23,1,7,28.0,25.0,21.0,,33.57142857142857,0,0.19591141396933542
2025-07-09,S002,North,P0912,Personal Care,6.16,0,0,0,16,18,0,7,23.0,28.0,30.0,,33.285714285714285,2,-0.12250712250712248
2025-09-07,S002,North,P0912,Personal Care,6.13,0,0,1,23,23,0,9,16.0,55.0,35.0,,31.571428571428573,6,-0.004870129870129913
2025-10-10,S002,North,P0912,Personal Care,6.25,0,0,0,23,24,0,10,23.0,39.0,46.0,,27.0,4,0.019575856443719397
2025-12-21,S002,North,P0912,Personal Care,5.65,1,0,1,46,51,0,12,23.0,27.0,31.0,,24.714285714285715,6,-0.09599999999999997
2025-01-01,S002,North,P0913,Personal Care,4.98,1,0,0,18,18,1,1,,,,,,2,
2025-01-09,S002,North,P0913,Personal Care,5.83,1,0,0,38,41,0,1,18.0,,,,,3,0.17068273092369468
2025-02-20,S002,North,P0913,Personal Care,5.8,1,0,0,36,36,0,2,38.0,,,,,3,-0.005145797598627877
2025-03-16,S002,North,P0913,Personal Care,6.09,0,1,1,50,51,0,3,36.0,,,,,6,0.050000000000000044
2025-04-23,S002,North,P0913,Personal Care,5.36,1,0,0,39,39,1,4,50.0,,,,,2,-0.11986863711001638
2025-06-12,S002,North,P0913,Personal Care,6.05,0,0,0,17,17,1,6,39.0,,,,,3,0.12873134328358193
2025-07-04,S002,North,P0913,Personal Care,6.08,0,0,0,17,17,1,7,17.0,,,,,4,0.0049586776859504855
2025-07-16,S002,North,P0913,Personal Care,5.64,1,0,0,32,32,1,7,17.0,18.0,,,30.714285714285715,2,-0.07236842105263164
2025-07-26,S002,North,P0913,Personal Care,5.92,1,0,1,41,42,0,7,32.0,38.0,,,32.714285714285715,5,0.049645390070921946
2025-07-27,S002,North,P0913,Personal Care,6.2,0,0,1,23,23,1,7,41.0,36.0,,,33.142857142857146,6,0.04729729729729737
2025-08-06,S002,North,P0913,Personal Care,5.91,0,0,0,14,14,0,8,23.0,50.0,,,31.285714285714285,2,-0.04677419354838708
2025-09-12,S002,North,P0913,Personal Care,6.14,0,0,0,24,24,1,9,14.0,39.0,,,26.142857142857142,4,0.03891708967851093
2025-10-04,S002,North,P0913,Personal Care,6.04,1,0,1,44,44,1,10,24.0,17.0,,,24.0,5,-0.01628664495113996
2025-10-07,S002,North,P0913,Personal Care,5.42,1,0,0,22,22,1,10,44.0,17.0,,,27.857142857142858,1,-0.10264900662251653
2025-10-10,S002,North,P0913,Personal Care,6.64,0,0,0,20,20,1,10,22.0,32.0,18.0,,28.571428571428573,4,0.22509225092250928
2025-10-15,S002,North,P0913,Personal Care,5.81,1,0,0,36,36,1,10,20.0,41.0,38.0,,26.857142857142858,2,-0.125
2025-10-31,S002,North,P0913,Personal Care,6.14,0,0,0,23,29,0,10,36.0,23.0,36.0,,26.142857142857142,4,0.05679862306368322
2025-11-05,S002,North,P0913,Personal Care,6.32,0,0,0,23,23,1,11,23.0,14.0,50.0,,26.142857142857142,2,0.02931596091205213
2025-11-18,S002,North,P0913,Personal Care,5.94,1,0,0,26,26,1,11,23.0,24.0,39.0,,27.428571428571427,1,-0.060126582278481
2025-12-02,S002,North,P0913,Personal Care,6.61,0,0,0,17,17,1,12,26.0,44.0,17.0,,27.714285714285715,1,0.11279461279461267
2025-12-05,S002,North,P0913,Personal Care,6.7,0,0,0,18,20,0,12,17.0,22.0,17.0,,23.857142857142858,4,0.013615733736762392
2025-12-12,S002,North,P0913,Personal Care,5.74,1,0,0,40,51,0,12,18.0,20.0,32.0,,23.285714285714285,4,-0.14328358208955227
2025-12-14,S002,North,P0913,Personal Care,5.94,0,0,1,28,28,1,12,40.0,36.0,41.0,,26.142857142857142,6,0.03484320557491283
2025-12-27,S002,North,P0913,Personal Care,6.38,0,0,1,18,18,1,12,28.0,23.0,23.0,,25.0,5,0.07407407407407396
2025-12-27,S002,North,P0913,Personal Care,6.56,0,0,1,35,36,0,12,18.0,23.0,14.0,,24.285714285714285,5,0.028213166144200663
2025-01-02,S003,South,P0001,Beverages,2.87,1,0,0,84,84,1,1,,,,,,3,
2025-02-06,S003,South,P0001,Beverages,3.38,0,0,0,43,43,1,2,84.0,,,,,3,0.17770034843205562
2025-03-05,S003,South,P0001,Beverages,3.58,0,0,0,55,60,0,3,43.0,,,,,2,0.059171597633136175
2025-04-06,S003,South,P0001,Beverages,3.09,1,0,1,102,102,1,4,55.0,,,,,6,-0.13687150837988837
2025-04-13,S003,South,P0001,Beverages,3.37,0,0,1,65,68,0,4,102.0,,,,,6,0.09061488673139162
2025-04-14,S003,South,P0001,Beverages,3.02,1,0,0,85,97,0,4,65.0,,,,,0,-0.10385756676557867
2025-05-10,S003,South,P0001,Beverages,3.27,0,0,1,62,79,0,5,85.0,,,,,5,0.08278145695364247
2025-06-29,S003,South,P0001,Beverages,3.77,0,0,1,63,81,0,6,62.0,84.0,,,70.85714285714286,6,0.15290519877675846
2025-08-03,S003,South,P0001,Beverages,3.78,0,1,1,74,74,1,8,63.0,43.0,,,67.85714285714286,6,0.0026525198938991412
2025-08-12,S003,South,P0001,Beverages,2.75,1,0,0,79,79,1,8,74.0,55.0,,,72.28571428571429,1,-0.27248677248677244
2025-09-15,S003,South,P0001,Beverages,2.79,1,0,0,85,110,0,9,79.0,102.0,,,75.71428571428571,0,0.014545454545454639
2025-10-01,S003,South,P0001,Beverages,2.71,1,0,0,72,72,1,10,85.0,65.0,,,73.28571428571429,2,-0.028673835125448077
2025-11-14,S003,South,P0001,Beverages,2.71,1,0,0,70,70,0,11,72.0,85.0,,,74.28571428571429,4,0.0
2025-12-15,S003,South,P0001,Beverages,3.53,0,0,0,35,35,1,12,70.0,62.0,,,72.14285714285714,0,0.3025830258302582
2025-03-04,S003,South,P0002,Beverages,3.3,0,0,0,64,74,0,3,,,,,,1,
2025-04-26,S003,South,P0002,Beverages,3.6,0,0,1,63,63,0,4,64.0,,,,,5,0.09090909090909105
2025-05-09,S003,South,P0002,Beverages,3.23,0,0,0,41,41,0,5,63.0,,,,,4,-0.10277777777777786
2025-05-13,S003,South,P0002,Beverages,3.13,1,0,0,94,95,0,5,41.0,,,,,1,-0.03095975232198145
2025-06-13,S003,South,P0002,Beverages,2.69,1,0,0,66,81,0,6,94.0,,,,,4,-0.1405750798722044
2025-06-23,S003,South,P0002,Beverages,3.54,0,1,0,87,92,0,6,66.0,,,,,0,0.3159851301115242
2025-08-14,S003,South,P0002,Beverages,3.17,0,0,0,41,41,1,8,87.0,,,,,3,-0.10451977401129942
2025-08-15,S003,South,P0002,Beverages,3.8,0,0,0,48,48,1,8,41.0,64.0,,,65.14285714285714,4,0.19873817034700303
2025-08-24,S003,South,P0002,Beverages,3.18,0,0,1,54,54,1,8,48.0,63.0,,,62.857142857142854,6,-0.16315789473684206
2025-08-28,S003,South,P0002,Beverages,3.41,0,0,0,40,40,1,8,54.0,41.0,,,61.57142857142857,3,0.07232704402515733
2025-09-01,S003,South,P0002,Beverages,3.14,1,0,0,74,74,1,9,40.0,94.0,,,61.42857142857143,0,-0.07917888563049857
2025-09-10,S003,South,P0002,Beverages,3.72,0,0,0,34,34,1,9,74.0,66.0,,,58.57142857142857,2,0.1847133757961783
2025-10-26,S003,South,P0002,Beverages,3.74,0,0,1,67,67,1,10,34.0,87.0,,,54.0,6,0.005376344086021501
2025-02-04,S003,South,P0456,Snacks,1.91,0,0,0,88,95,0,2,,,,,,1,
2025-02-10,S003,South,P0456,Snacks,1.96,0,0,0,78,97,0,2,88.0,,,,,0,0.02617801047120416
2025-03-03,S003,South,P0456,Snacks,1.83,1,0,0,100,100,1,3,78.0,,,,,0,-0.0663265306122448
2025-03-03,S003,South,P0456,Snacks,1.82,0,1,0,106,106,1,3,100.0,,,,,0,-0.005464480874316946
2025-03-22,S003,South,P0456,Snacks,1.73,1,0,1,142,142,1,3,106.0,,,,,5,-0.0494505494505495
2025-05-24,S003,South,P0456,Snacks,2.16,0,0,1,88,88,1,5,142.0,,,,,5,0.24855491329479773
2025-06-01,S003,South,P0456,Snacks,1.55,1,0,1,124,124,1,6,88.0,,,,,6,-0.28240740740740744
2025-06-10,S003,South,P0456,Snacks,2.11,0,0,0,63,63,1,6,124.0,88.0,,,103.71428571428571,1,0.361290322580645
2025-08-27,S003,South,P0456,Snacks,2.04,0,0,0,77,77,1,8,63.0,78.0,,,100.14285714285714,2,-0.033175355450236865
2025-09-16,S003,South,P0456,Snacks,2.01,0,1,0,107,107,1,9,77.0,100.0,,,100.0,1,-0.014705882352941346
2025-09-18,S003,South,P0456,Snacks,1.68,1,0,0,128,138,0,9,107.0,106.0,,,101.0,3,-0.16417910447761186
2025-10-02,S003,South,P0456,Snacks,2.06,0,0,0,61,61,1,10,128.0,142.0,,,104.14285714285714,3,0.22619047619047628
2025-11-11,S003,South,P0456,Snacks,1.73,1,0,0,141,162,0,11,61.0,88.0,,,92.57142857142857,1,-0.1601941747572816
2025-02-11,S003,South,P0457,Snacks,2.01,0,0,0,89,90,0,2,,,,,,1,
2025-02-20,S003,South,P0457,Snacks,1.87,0,1,0,122,138,0,2,89.0,,,,,3,-0.06965174129353213
2025-03-04,S003,South,P0457,Snacks,2.06,0,0,0,85,88,0,3,122.0,,,,,1,0.10160427807486627
2025-05-27,S003,South,P0457,Snacks,2.19,0,0,0,80,91,0,5,85.0,,,,,1,0.06310679611650483
2025-05-31,S003,South,P0457,Snacks,1.82,1,0,1,163,163,1,5,80.0,,,,,5,-0.16894977168949765
2025-06-07,S003,South,P0457,Snacks,1.75,1,0,1,139,139,1,6,163.0,,,,,5,-0.03846153846153855
2025-06-09,S003,South,P0457,Snacks,2.03,0,0,0,51,51,1,6,139.0,,,,,0,0.15999999999999992
2025-06-22,S003,South,P0457,Snacks,2.19,0,0,1,72,72,1,6,51.0,89.0,,,104.14285714285714,6,0.07881773399014791
2025-08-03,S003,South,P0457,Snacks,1.68,1,0,1,108,108,1,8,72.0,122.0,,,101.71428571428571,6,-0.23287671232876717
2025-08-03,S003,South,P0457,Snacks,1.76,1,0,1,136,175,0,8,108.0,85.0,,,99.71428571428571,6,0.04761904761904767
2025-08-05,S003,South,P0457,Snacks,1.95,0,0,0,82,89,0,8,136.0,80.0,,,107.0,1,0.10795454545454541
2025-08-21,S003,South,P0457,Snacks,1.97,0,1,0,112,122,0,8,82.0,163.0,,,107.28571428571429,3,0.01025641025641022
2025-08-25,S003,South,P0457,Snacks,1.7,1,0,0,106,106,1,8,112.0,139.0,,,100.0,0,-0.13705583756345174
2025-09-09,S003,South,P0457,Snacks,1.98,0,0,0,84,86,0,9,106.0,51.0,,,95.28571428571429,1,0.16470588235294126
2025-09-26,S003,South,P0457,Snacks,1.99,0,0,0,59,59,1,9,84.0,72.0,89.0,,100.0,4,0.005050505050504972
2025-10-05,S003,South,P0457,Snacks,1.56,1,0,1,129,162,0,10,59.0,108.0,122.0,,98.14285714285714,6,-0.2160804020100502
2025-11-08,S003,South,P0457,Snacks,1.89,0,0,1,89,89,1,11,129.0,136.0,85.0,,101.14285714285714,5,0.21153846153846145
2025-02-15,S003,South,P0789,Dairy,4.3,0,0,1,43,43,1,2,,,,,,5,
2025-02-18,S003,South,P0789,Dairy,3.94,0,0,0,42,42,1,2,43.0,,,,,1,-0.08372093023255811
2025-03-10,S003,South,P0789,Dairy,3.82,1,0,0,68,82,0,3,42.0,,,,,0,-0.030456852791878153
2025-03-17,S003,South,P0789,Dairy,4.1,0,0,0,40,40,1,3,68.0,,,,,0,0.0732984293193717
2025-03-19,S003,South,P0789,Dairy,4.04,0,0,0,46,46,1,3,40.0,,,,,2,-0.014634146341463317
2025-04-08,S003,South,P0789,Dairy,4.15,0,0,0,32,34,0,4,46.0,,,,,1,0.027227722772277252
2025-04-08,S003,South,P0789,Dairy,4.44,0,0,0,36,40,0,4,32.0,,,,,1,0.06987951807228909
2025-05-14,S003,South,P0789,Dairy,3.53,1,0,0,48,48,1,5,36.0,43.0,,,43.857142857142854,2,-0.20495495495495508
2025-05-21,S003,South,P0789,Dairy,3.37,1,0,0,45,45,1,5,48.0,42.0,,,44.57142857142857,2,-0.04532577903682711
2025-06-09,S003,South,P0789,Dairy,4.19,0,0,0,44,44,1,6,45.0,68.0,,,45.0,0,0.2433234421364987
2025-06-29,S003,South,P0789,Dairy,3.81,0,0,1,38,38,1,6,44.0,40.0,,,41.57142857142857,6,-0.09069212410501204
2025-08-10,S003,South,P0789,Dairy,4.21,0,0,1,58,65,0,8,38.0,46.0,,,41.285714285714285,6,0.10498687664041984
2025-09-14,S003,South,P0789,Dairy,4.07,0,0,1,41,41,1,9,58.0,32.0,,,43.0,6,-0.03325415676959609
2025-09-24,S003,South,P0789,Dairy,4.08,0,0,0,39,47,0,9,41.0,36.0,,,44.285714285714285,2,0.002457002457002311
2025-11-10,S003,South,P0789,Dairy,4.53,0,0,0,33,34,0,11,39.0,48.0,43.0,,44.714285714285715,0,0.11029411764705888
2025-11-22,S003,South,P0789,Dairy,4.1,0,0,1,34,34,1,11,33.0,45.0,42.0,,42.57142857142857,5,-0.09492273730684342
2025-02-23,S003,South,P0790,Dairy,4.53,0,0,1,56,72,0,2,,,,,,6,
2025-03-02,S003,South,P0790,Dairy,3.82,0,0,1,52,63,0,3,56.0,,,,,6,-0.15673289183222971
2025-03-10,S003,South,P0790,Dairy,3.91,0,0,0,43,48,0,3,52.0,,,,,0,0.023560209424083878
2025-04-04,S003,South,P0790,Dairy,4.13,0,0,0,30,30,1,4,43.0,,,,,4,0.056265984654731316
2025-04-05,S003,South,P0790,Dairy,3.83,1,0,1,84,87,0,4,30.0,,,,,5,-0.07263922518159804
2025-04-06,S003,South,P0790,Dairy,4.0,0,0,1,35,35,1,4,84.0,,,,,6,0.044386422976501194
2025-04-21,S003,South,P0790,Dairy,4.58,0,0,0,40,40,1,4,35.0,,,,,0,0.14500000000000002
2025-04-27,S003,South,P0790,Dairy,4.5,0,0,1,48,55,0,4,40.0,56.0,,,48.57142857142857,6,-0.017467248908296984
2025-05-16,S003,South,P0790,Dairy,4.62,0,0,0,28,28,1,5,48.0,52.0,,,47.42857142857143,4,0.026666666666666616
2025-06-05,S003,South,P0790,Dairy,4.43,0,0,0,46,58,0,6,28.0,43.0,,,44.0,3,-0.04112554112554123
2025-08-06,S003,South,P0790,Dairy,3.22,1,0,0,59,69,0,8,46.0,30.0,,,44.42857142857143,2,-0.27313769751692996
2025-08-15,S003,South,P0790,Dairy,3.8,1,0,0,63,63,1,8,59.0,84.0,,,48.57142857142857,4,0.18012422360248426
2025-08-21,S003,South,P0790,Dairy,3.9,1,0,0,69,77,0,8,63.0,35.0,,,45.57142857142857,3,0.026315789473684292
2025-08-27,S003,South,P0790,Dairy,4.4,0,0,0,37,37,1,8,69.0,40.0,,,50.42857142857143,2,0.12820512820512842
2025-08-27,S003,South,P0790,Dairy,3.24,1,0,0,62,73,0,8,37.0,48.0,56.0,,50.0,2,-0.26363636363636367
2025-09-16,S003,South,P0790,Dairy,4.15,0,0,0,42,52,0,9,62.0,28.0,52.0,,52.0,1,0.2808641975308641
2025-10-29,S003,South,P0790,Dairy,3.81,0,0,0,45,57,0,10,42.0,46.0,43.0,,54.0,2,-0.08192771084337358
2025-11-05,S003,South,P0790,Dairy,4.46,0,0,0,32,32,1,11,45.0,59.0,30.0,,53.857142857142854,2,0.17060367454068248
2025-11-08,S003,South,P0790,Dairy,3.53,1,0,1,63,63,1,11,32.0,63.0,84.0,,50.0,5,-0.20852017937219736
2025-11-15,S003,South,P0790,Dairy,3.92,0,0,1,48,48,1,11,63.0,69.0,35.0,,50.0,5,0.11048158640226635
2025-11-30,S003,South,P0790,Dairy,4.55,0,0,1,42,42,1,11,48.0,37.0,40.0,,47.0,6,0.1607142857142856
2025-12-15,S003,South,P0790,Dairy,3.65,1,0,0,59,59,1,12,42.0,62.0,48.0,,47.714285714285715,0,-0.19780219780219777
2025-12-15,S003,South,P0790,Dairy,4.61,0,0,0,39,39,1,12,59.0,42.0,28.0,,47.285714285714285,0,0.263013698630137
2025-12-26,S003,South,P0790,Dairy,4.04,0,0,0,40,40,1,12,39.0,45.0,46.0,,46.857142857142854,4,-0.12364425162689807
2025-01-04,S003,South,P0912,Personal Care,5.35,1,0,1,53,63,0,1,,,,,,5,
2025-01-20,S003,South,P0912,Personal Care,5.53,1,0,0,42,45,0,1,53.0,,,,,0,0.033644859813084294
2025-01-26,S003,South,P0912,Personal Care,5.07,1,0,1,47,47,1,1,42.0,,,,,6,-0.08318264014466548
2025-01-29,S003,South,P0912,Personal Care,6.68,0,1,0,30,34,0,1,47.0,,,,,2,0.31755424063116355
2025-02-27,S003,South,P0912,Personal Care,6.84,0,0,0,25,25,1,2,30.0,,,,,3,0.0239520958083832
2025-04-07,S003,South,P0912,Personal Care,6.37,0,0,0,29,32,0,4,25.0,,,,,0,-0.06871345029239762
2025-04-10,S003,South,P0912,Personal Care,6.38,0,0,0,24,24,0,4,29.0,,,,,3,0.0015698587127157548
2025-04-11,S003,South,P0912,Personal Care,6.13,0,1,0,40,42,0,4,24.0,53.0,,,35.714285714285715,4,-0.039184952978056464
2025-04-17,S003,South,P0912,Personal Care,6.65,0,0,0,24,24,1,4,40.0,42.0,,,33.857142857142854,3,0.08482871125611746
2025-06-02,S003,South,P0912,Personal Care,6.42,0,0,0,25,28,0,6,24.0,47.0,,,31.285714285714285,0,-0.03458646616541361
2025-06-25,S003,South,P0912,Personal Care,7.03,0,0,0,33,34,0,6,25.0,30.0,,,28.142857142857142,2,0.0950155763239875
2025-07-08,S003,South,P0912,Personal Care,5.2,1,1,0,40,40,1,7,33.0,25.0,,,28.571428571428573,1,-0.26031294452347087
2025-07-25,S003,South,P0912,Personal Care,5.94,1,0,0,38,38,1,7,40.0,29.0,,,30.714285714285715,4,0.14230769230769225
2025-08-07,S003,South,P0912,Personal Care,6.35,0,0,0,35,36,0,8,38.0,24.0,,,32.0,3,0.06902356902356899
2025-08-10,S003,South,P0912,Personal Care,6.87,0,0,1,28,29,0,8,35.0,40.0,53.0,,33.57142857142857,6,0.08188976377952772
2025-09-01,S003,South,P0912,Personal Care,5.78,1,0,0,45,56,0,9,28.0,24.0,42.0,,31.857142857142858,0,-0.15866084425036386
2025-09-04,S003,South,P0912,Personal Care,7.01,0,0,0,15,16,0,9,45.0,25.0,47.0,,34.857142857142854,3,0.21280276816608978
2025-10-14,S003,South,P0912,Personal Care,6.6,0,0,0,26,26,1,10,15.0,33.0,30.0,,33.42857142857143,1,-0.058487874465049994
2025-10-21,S003,South,P0912,Personal Care,6.28,0,0,0,21,21,1,10,26.0,40.0,25.0,,32.42857142857143,1,-0.04848484848484835
2025-11-14,S003,South,P0912,Personal Care,5.02,1,0,0,36,38,0,11,21.0,38.0,29.0,,29.714285714285715,4,-0.2006369426751593
2025-11-19,S003,South,P0912,Personal Care,5.94,0,0,0,19,23,0,11,36.0,35.0,24.0,,29.428571428571427,2,0.18326693227091662
2025-11-26,S003,South,P0912,Personal Care,7.07,0,0,0,23,23,0,11,19.0,28.0,40.0,,27.142857142857142,2,0.1902356902356903
2025-12-15,S003,South,P0912,Personal Care,6.99,0,0,0,14,14,1,12,23.0,45.0,24.0,,26.428571428571427,0,-0.011315417256011373
2025-01-14,S003,South,P0913,Personal Care,6.78,0,0,0,16,16,1,1,,,,,,1,
2025-01-28,S003,South,P0913,Personal Care,5.75,1,0,0,26,27,0,1,16.0,,,,,1,-0.1519174041297935
2025-02-09,S003,South,P0913,Personal Care,5.54,1,0,1,31,31,1,2,26.0,,,,,6,-0.03652173913043477
2025-02-16,S003,South,P0913,Personal Care,4.97,1,0,1,42,42,1,2,31.0,,,,,6,-0.1028880866425993
2025-02-16,S003,South,P0913,Personal Care,7.14,0,0,1,16,16,1,2,42.0,,,,,6,0.43661971830985924
2025-04-28,S003,South,P0913,Personal Care,6.77,0,0,0,25,25,1,4,16.0,,,,,0,-0.051820728291316565
2025-05-18,S003,South,P0913,Personal Care,6.92,0,0,1,31,35,0,5,25.0,,,,,6,0.02215657311669128
2025-05-26,S003,South,P0913,Personal Care,5.88,0,0,0,28,33,0,5,31.0,16.0,,,26.714285714285715,0,-0.1502890173410405
2025-06-30,S003,South,P0913,Personal Care,5.32,1,0,0,40,40,1,6,28.0,26.0,,,28.428571428571427,0,-0.09523809523809512
2025-08-17,S003,South,P0913,Personal Care,5.88,0,0,1,30,36,0,8,40.0,31.0,,,30.428571428571427,6,0.10526315789473673
2025-08-22,S003,South,P0913,Personal Care,7.1,0,0,0,33,39,0,8,30.0,42.0,,,30.285714285714285,4,0.2074829931972788
2025-09-25,S003,South,P0913,Personal Care,5.81,1,0,0,21,21,1,9,33.0,16.0,,,29.0,3,-0.1816901408450704
2025-10-16,S003,South,P0913,Personal Care,6.34,0,0,0,27,32,0,10,21.0,25.0,,,29.714285714285715,3,0.09122203098106718
2025-11-15,S003,South,P0913,Personal Care,6.6,0,0,1,27,29,0,11,27.0,31.0,,,30.0,5,0.04100946372239744
2025-11-19,S003,South,P0913,Personal Care,6.42,0,0,0,28,35,0,11,27.0,28.0,16.0,,29.428571428571427,2,-0.027272727272727226
2025-12-14,S003,South,P0913,Personal Care,6.98,0,0,1,47,57,0,12,28.0,40.0,26.0,,29.428571428571427,6,0.08722741433021808
2025-02-05,S004,South,P0001,Beverages,2.91,1,0,0,56,56,1,2,,,,,,2,
2025-02-08,S004,South,P0001,Beverages,2.81,1,0,1,75,75,1,2,56.0,,,,,5,-0.03436426116838487
2025-02-16,S004,South,P0001,Beverages,2.68,1,0,1,114,135,0,2,75.0,,,,,6,-0.0462633451957295
2025-02-23,S004,South,P0001,Beverages,3.25,1,0,1,96,96,0,2,114.0,,,,,6,0.2126865671641791
2025-04-05,S004,South,P0001,Beverages,3.31,0,0,1,68,71,0,4,96.0,,,,,5,0.01846153846153853
2025-04-21,S004,South,P0001,Beverages,3.66,0,0,0,39,43,0,4,68.0,,,,,0,0.1057401812688823
2025-04-28,S004,South,P0001,Beverages,2.83,1,0,0,64,64,1,4,39.0,,,,,0,-0.22677595628415304
2025-05-04,S004,South,P0001,Beverages,3.21,0,0,1,44,44,1,5,64.0,56.0,,,73.14285714285714,6,0.13427561837455837
2025-05-20,S004,South,P0001,Beverages,3.46,0,1,0,80,103,0,5,44.0,75.0,,,71.42857142857143,1,0.0778816199376946
2025-05-28,S004,South,P0001,Beverages,3.17,0,1,0,95,111,0,5,80.0,114.0,,,72.14285714285714,2,-0.08381502890173409
2025-07-09,S004,South,P0001,Beverages,3.16,1,1,0,94,94,1,7,95.0,96.0,,,69.42857142857143,2,-0.003154574132492094
2025-08-04,S004,South,P0001,Beverages,3.55,0,0,0,36,36,1,8,94.0,68.0,,,69.14285714285714,0,0.12341772151898733
2025-09-13,S004,South,P0001,Beverages,3.51,0,0,1,59,60,0,9,36.0,39.0,,,64.57142857142857,5,-0.011267605633802802
2025-09-19,S004,South,P0001,Beverages,3.74,0,0,0,39,39,1,9,59.0,64.0,,,67.42857142857143,4,0.06552706552706566
2025-10-07,S004,South,P0001,Beverages,3.59,0,0,0,34,34,1,10,39.0,44.0,56.0,,63.857142857142854,1,-0.0401069518716578
2025-10-15,S004,South,P0001,Beverages,3.55,0,0,0,50,50,1,10,34.0,80.0,75.0,,62.42857142857143,2,-0.011142061281337101
2025-11-03,S004,South,P0001,Beverages,3.47,0,0,0,52,63,0,11,50.0,95.0,114.0,,58.142857142857146,0,-0.022535211267605493
2025-11-12,S004,South,P0001,Beverages,3.09,1,0,0,56,56,1,11,52.0,94.0,96.0,,52.0,2,-0.10951008645533156
2025-02-10,S004,South,P0002,Beverages,3.71,0,0,0,53,56,0,2,,,,,,0,
2025-02-20,S004,South,P0002,Beverages,3.79,0,0,0,37,37,1,2,53.0,,,,,3,0.02156334231805923
2025-02-22,S004,South,P0002,Beverages,3.37,0,0,1,72,72,0,2,37.0,,,,,5,-0.1108179419525066
2025-02-27,S004,South,P0002,Beverages,3.44,0,0,0,46,53,0,2,72.0,,,,,3,0.020771513353115667
2025-03-04,S004,South,P0002,Beverages,3.05,1,0,0,77,78,0,3,46.0,,,,,1,-0.1133720930232559
2025-03-11,S004,South,P0002,Beverages,3.32,0,0,0,29,29,1,3,77.0,,,,,1,0.08852459016393444
2025-04-17,S004,South,P0002,Beverages,3.56,0,0,0,41,50,0,4,29.0,,,,,3,0.07228915662650603
2025-06-09,S004,South,P0002,Beverages,3.36,0,0,0,37,37,1,6,41.0,53.0,,,50.714285714285715,0,-0.0561797752808989
2025-07-13,S004,South,P0002,Beverages,3.68,0,0,1,58,62,0,7,37.0,37.0,,,48.42857142857143,6,0.09523809523809534
2025-07-28,S004,South,P0002,Beverages,3.47,0,0,0,52,54,0,7,58.0,72.0,,,51.42857142857143,0,-0.057065217391304324
2025-08-05,S004,South,P0002,Beverages,2.99,1,0,0,84,104,0,8,52.0,46.0,,,48.57142857142857,1,-0.13832853025936598
2025-09-03,S004,South,P0002,Beverages,2.69,1,0,0,73,90,0,9,84.0,77.0,,,54.0,2,-0.10033444816053516
2025-09-06,S004,South,P0002,Beverages,3.84,0,0,1,69,70,0,9,73.0,29.0,,,53.42857142857143,5,0.42750929368029733
2025-09-07,S004,South,P0002,Beverages,3.6,0,0,1,68,87,0,9,69.0,41.0,,,59.142857142857146,6,-0.06249999999999989
2025-09-10,S004,South,P0002,Beverages,3.17,0,0,0,50,52,0,9,68.0,37.0,53.0,,63.0,2,-0.11944444444444446
2025-09-25,S004,South,P0002,Beverages,3.3,0,0,0,45,57,0,9,50.0,58.0,37.0,,64.85714285714286,3,0.04100946372239744
2025-10-14,S004,South,P0002,Beverages,3.84,0,0,0,38,38,1,10,45.0,52.0,72.0,,63.0,1,0.16363636363636358
2025-11-27,S004,South,P0002,Beverages,2.75,1,0,0,91,102,0,11,38.0,84.0,46.0,,61.0,3,-0.28385416666666663
2025-12-26,S004,South,P0002,Beverages,3.25,0,0,0,44,44,1,12,91.0,73.0,77.0,,62.0,4,0.18181818181818188
2025-01-17,S004,South,P0456,Snacks,1.67,1,0,0,148,178,0,1,,,,,,4,
2025-03-02,S004,South,P0456,Snacks,2.19,0,1,1,142,159,0,3,148.0,,,,,6,0.31137724550898205
2025-03-10,S004,South,P0456,Snacks,1.92,0,0,0,73,74,0,3,142.0,,,,,0,-0.12328767123287676
2025-03-25,S004,South,P0456,Snacks,1.57,1,0,0,97,97,1,3,73.0,,,,,1,-0.18229166666666663
2025-04-14,S004,South,P0456,Snacks,2.05,0,0,0,61,61,1,4,97.0,,,,,0,0.30573248407643305
2025-04-21,S004,South,P0456,Snacks,1.73,1,0,0,130,134,0,4,61.0,,,,,0,-0.15609756097560967
2025-04-27,S004,South,P0456,Snacks,2.14,0,0,1,92,92,1,4,130.0,,,,,6,0.23699421965317935
2025-05-11,S004,South,P0456,Snacks,2.06,0,0,1,99,121,0,5,92.0,148.0,,,106.14285714285714,6,-0.03738317757009346
2025-07-06,S004,South,P0456,Snacks,2.1,0,0,1,82,82,1,7,99.0,142.0,,,99.14285714285714,6,0.01941747572815533
2025-07-13,S004,South,P0456,Snacks,2.16,0,0,1,97,98,0,7,82.0,73.0,,,90.57142857142857,6,0.028571428571428692
2025-11-26,S004,South,P0456,Snacks,1.73,1,0,0,152,169,0,11,97.0,97.0,,,94.0,2,-0.19907407407407418
2025-12-10,S004,South,P0456,Snacks,1.56,1,0,0,125,144,0,12,152.0,61.0,,,101.85714285714286,2,-0.09826589595375723
2025-01-06,S004,South,P0457,Snacks,1.58,1,0,0,133,140,0,1,,,,,,0,
2025-01-09,S004,South,P0457,Snacks,2.03,0,1,0,117,117,1,1,133.0,,,,,3,0.2848101265822782
2025-01-28,S004,South,P0457,Snacks,1.58,1,0,0,107,107,1,1,117.0,,,,,1,-0.22167487684729048
2025-04-02,S004,South,P0457,Snacks,1.94,0,0,0,79,81,0,4,107.0,,,,,2,0.22784810126582267
2025-04-10,S004,South,P0457,Snacks,1.84,0,0,0,82,82,1,4,79.0,,,,,3,-0.05154639175257725
2025-05-09,S004,South,P0457,Snacks,2.09,0,0,0,82,89,0,5,82.0,,,,,4,0.13586956521739113
2025-05-30,S004,South,P0457,Snacks,2.06,0,0,0,81,89,0,5,82.0,,,,,4,-0.014354066985645786
2025-06-11,S004,South,P0457,Snacks,2.04,0,0,0,72,92,0,6,81.0,133.0,,,97.28571428571429,2,-0.009708737864077666
2025-06-26,S004,South,P0457,Snacks,2.18,0,0,0,63,67,0,6,72.0,117.0,,,88.57142857142857,3,0.06862745098039214
2025-06-26,S004,South,P0457,Snacks,2.14,0,0,0,63,63,1,6,63.0,107.0,,,80.85714285714286,3,-0.01834862385321101
2025-09-04,S004,South,P0457,Snacks,1.7,1,0,0,113,130,0,9,63.0,79.0,,,74.57142857142857,3,-0.20560747663551404
2025-10-04,S004,South,P0457,Snacks,1.93,0,0,1,116,131,0,10,113.0,82.0,,,79.42857142857143,5,0.1352941176470588
2025-10-30,S004,South,P0457,Snacks,1.88,0,0,0,72,89,0,10,116.0,82.0,,,84.28571428571429,3,-0.025906735751295318
2025-12-23,S004,South,P0457,Snacks,1.59,1,0,0,138,143,0,12,72.0,81.0,,,82.85714285714286,1,-0.1542553191489361
2025-12-30,S004,South,P0457,Snacks,1.97,0,0,0,74,85,0,12,138.0,72.0,133.0,,91.0,1,0.23899371069182385
2025-01-05,S004,South,P0789,Dairy,3.8,1,0,1,62,62,1,1,,,,,,6,
2025-02-07,S004,South,P0789,Dairy,4.6,0,0,0,22,22,1,2,62.0,,,,,4,0.21052631578947367
2025-02-08,S004,South,P0789,Dairy,3.28,1,0,1,90,107,0,2,22.0,,,,,5,-0.28695652173913044
2025-02-12,S004,South,P0789,Dairy,3.91,0,0,0,31,31,1,2,90.0,,,,,2,0.19207317073170738
2025-02-13,S004,South,P0789,Dairy,4.24,0,0,0,43,43,1,2,31.0,,,,,3,0.0843989769820972
2025-02-22,S004,South,P0789,Dairy,3.8,0,0,1,63,73,0,2,43.0,,,,,5,-0.10377358490566047
2025-02-24,S004,South,P0789,Dairy,4.46,0,0,0,33,39,0,2,63.0,,,,,0,0.17368421052631589
2025-03-06,S004,South,P0789,Dairy,4.62,0,0,0,34,37,0,3,33.0,62.0,,,49.142857142857146,3,0.03587443946188351
2025-03-30,S004,South,P0789,Dairy,3.82,0,0,1,42,42,1,3,34.0,22.0,,,45.142857142857146,6,-0.17316017316017318
2025-04-09,S004,South,P0789,Dairy,3.35,1,0,0,53,53,1,4,42.0,90.0,,,48.0,2,-0.12303664921465962
2025-04-11,S004,South,P0789,Dairy,4.37,0,0,0,43,54,0,4,53.0,31.0,,,42.714285714285715,4,0.30447761194029854
2025-04-16,S004,South,P0789,Dairy,4.61,0,0,0,39,39,1,4,43.0,43.0,,,44.42857142857143,2,0.05491990846681927
2025-05-06,S004,South,P0789,Dairy,3.36,1,0,0,57,61,0,5,39.0,63.0,,,43.857142857142854,1,-0.2711496746203905
2025-05-14,S004,South,P0789,Dairy,4.4,0,0,0,29,29,1,5,57.0,33.0,,,43.0,2,0.30952380952380976
2025-06-28,S004,South,P0789,Dairy,3.45,1,0,1,63,63,1,6,29.0,34.0,62.0,,42.42857142857143,5,-0.21590909090909094
2025-06-29,S004,South,P0789,Dairy,3.38,1,0,1,71,71,1,6,63.0,42.0,22.0,,46.57142857142857,6,-0.020289855072463836
2025-07-11,S004,South,P0789,Dairy,3.84,0,0,0,44,54,0,7,71.0,53.0,90.0,,50.714285714285715,4,0.13609467455621305
2025-07-21,S004,South,P0789,Dairy,3.52,1,0,0,58,58,1,7,44.0,43.0,31.0,,49.42857142857143,0,-0.08333333333333326
2025-07-24,S004,South,P0789,Dairy,4.49,0,0,0,42,52,0,7,58.0,39.0,43.0,,51.57142857142857,3,0.2755681818181819
2025-08-23,S004,South,P0789,Dairy,4.35,0,0,1,41,41,1,8,42.0,57.0,63.0,,52.0,5,-0.03118040089086871
2025-09-04,S004,South,P0789,Dairy,4.17,0,0,0,30,30,1,9,41.0,29.0,33.0,,49.714285714285715,3,-0.04137931034482756
2025-10-07,S004,South,P0789,Dairy,3.68,1,0,0,46,46,1,10,30.0,63.0,34.0,,49.857142857142854,1,-0.11750599520383687
2025-10-16,S004,South,P0789,Dairy,3.42,1,0,0,52,52,1,10,46.0,71.0,42.0,,47.42857142857143,3,-0.07065217391304357
2025-10-29,S004,South,P0789,Dairy,4.06,0,0,0,29,29,1,10,52.0,44.0,53.0,,44.714285714285715,2,0.1871345029239766
2025-11-16,S004,South,P0789,Dairy,3.62,1,0,1,72,72,1,11,29.0,58.0,43.0,,42.57142857142857,6,-0.10837438423645307
2025-12-06,S004,South,P0789,Dairy,4.38,0,0,1,45,45,1,12,72.0,42.0,39.0,,44.57142857142857,5,0.20994475138121538
2025-12-06,S004,South,P0789,Dairy,4.21,0,0,1,59,73,0,12,45.0,41.0,57.0,,45.0,5,-0.038812785388127824
2025-12-31,S004,South,P0789,Dairy,4.57,0,0,0,25,25,1,12,59.0,30.0,29.0,,47.57142857142857,2,0.08551068883610458
2025-01-25,S004,South,P0790,Dairy,4.18,0,0,1,48,48,1,1,,,,,,5,
2025-01-25,S004,South,P0790,Dairy,4.2,0,0,1,56,68,0,1,48.0,,,,,5,0.004784688995215447
2025-02-08,S004,South,P0790,Dairy,3.26,1,0,1,70,72,0,2,56.0,,,,,5,-0.2238095238095239
2025-02-16,S004,South,P0790,Dairy,4.15,0,0,1,49,49,1,2,70.0,,,,,6,0.27300613496932535
2025-03-10,S004,South,P0790,Dairy,4.57,0,0,0,45,45,1,3,49.0,,,,,0,0.10120481927710845
2025-03-31,S004,South,P0790,Dairy,4.48,0,0,0,31,31,1,3,45.0,,,,,0,-0.01969365426695835
2025-06-01,S004,South,P0790,Dairy,4.16,0,0,1,49,52,0,6,31.0,,,,,6,-0.07142857142857151
2025-07-07,S004,South,P0790,Dairy,4.21,0,0,0,39,39,1,7,49.0,48.0,,,49.714285714285715,0,0.012019230769230616
2025-07-10,S004,South,P0790,Dairy,3.93,0,0,0,41,42,0,7,39.0,56.0,,,48.42857142857143,3,-0.0665083135391924
2025-08-16,S004,South,P0790,Dairy,4.35,0,0,1,39,39,1,8,41.0,70.0,,,46.285714285714285,5,0.10687022900763354
2025-11-20,S004,South,P0790,Dairy,3.88,0,0,0,55,61,0,11,39.0,49.0,,,41.857142857142854,3,-0.10804597701149421
2025-12-08,S004,South,P0790,Dairy,3.82,0,0,0,21,26,0,12,55.0,45.0,,,42.714285714285715,0,-0.015463917525773252
2025-12-11,S004,South,P0790,Dairy,3.51,1,0,0,74,91,0,12,21.0,31.0,,,39.285714285714285,3,-0.08115183246073299
2025-12-22,S004,South,P0790,Dairy,4.42,0,0,0,23,23,1,12,74.0,49.0,,,45.42857142857143,0,0.2592592592592593
2025-01-14,S004,South,P0912,Personal Care,6.82,0,0,0,28,33,0,1,,,,,,1,
2025-02-08,S004,South,P0912,Personal Care,5.4,1,0,1,47,59,0,2,28.0,,,,,5,-0.2082111436950146
2025-02-24,S004,South,P0912,Personal Care,6.87,0,0,0,31,37,0,2,47.0,,,,,0,0.27222222222222214
2025-04-02,S004,South,P0912,Personal Care,6.21,0,0,0,19,22,0,4,31.0,,,,,2,-0.09606986899563319
2025-04-09,S004,South,P0912,Personal Care,5.57,1,1,0,42,42,1,4,19.0,,,,,2,-0.10305958132045079
2025-04-09,S004,South,P0912,Personal Care,5.58,1,0,0,31,33,0,4,42.0,,,,,2,0.0017953321364452268
2025-04-14,S004,South,P0912,Personal Care,6.11,0,0,0,18,18,0,4,31.0,,,,,0,0.09498207885304666
2025-05-16,S004,South,P0912,Personal Care,5.15,1,0,0,36,36,0,5,18.0,28.0,,,30.857142857142858,4,-0.15711947626841238
2025-05-23,S004,South,P0912,Personal Care,6.64,0,0,0,12,12,1,5,36.0,47.0,,,32.0,4,0.28932038834951435
2025-06-21,S004,South,P0912,Personal Care,6.69,0,0,1,33,33,1,6,12.0,31.0,,,27.0,5,0.0075301204819278045
2025-08-18,S004,South,P0912,Personal Care,6.56,0,0,0,28,30,0,8,33.0,19.0,,,27.285714285714285,0,-0.019431988041853643
2025-10-06,S004,South,P0912,Personal Care,6.29,0,0,0,19,22,0,10,28.0,42.0,,,28.571428571428573,0,-0.041158536585365835
2025-10-15,S004,South,P0912,Personal Care,6.29,0,0,0,23,23,1,10,19.0,31.0,,,25.285714285714285,2,0.0
2025-12-05,S004,South,P0912,Personal Care,5.12,1,0,0,36,36,1,12,23.0,18.0,,,24.142857142857142,4,-0.18600953895071537
2025-12-26,S004,South,P0912,Personal Care,6.04,0,0,0,30,34,0,12,36.0,36.0,28.0,,26.714285714285715,4,0.1796875
2025-12-30,S004,South,P0912,Personal Care,6.23,0,0,0,20,20,1,12,30.0,12.0,47.0,,25.857142857142858,1,0.0314569536423841
2025-12-31,S004,South,P0912,Personal Care,6.61,0,0,0,30,34,0,12,20.0,33.0,31.0,,27.0,2,0.0609951845906902
2025-01-05,S004,South,P0913,Personal Care,6.7,0,0,1,26,32,0,1,,,,,,6,
2025-01-08,S004,South,P0913,Personal Care,6.44,0,0,0,27,30,0,1,26.0,,,,,2,-0.03880597014925369
2025-01-22,S004,South,P0913,Personal Care,6.05,0,0,0,21,21,1,1,27.0,,,,,2,-0.060559006211180155
2025-02-02,S004,South,P0913,Personal Care,5.29,1,0,1,26,26,1,2,21.0,,,,,6,-0.12561983471074378
2025-02-18,S004,South,P0913,Personal Care,6.53,0,0,0,21,21,1,2,26.0,,,,,1,0.2344045368620038
2025-03-16,S004,South,P0913,Personal Care,6.53,0,0,1,30,34,0,3,21.0,,,,,6,0.0
2025-04-06,S004,South,P0913,Personal Care,5.9,0,0,1,31,38,0,4,30.0,,,,,6,-0.0964777947932618
2025-05-08,S004,South,P0913,Personal Care,6.17,0,1,0,40,41,0,5,31.0,26.0,,,26.0,3,0.04576271186440661
2025-05-11,S004,South,P0913,Personal Care,6.79,0,0,1,21,21,1,5,40.0,27.0,,,28.0,6,0.10048622366288495
2025-07-01,S004,South,P0913,Personal Care,5.24,1,0,0,44,44,0,7,21.0,21.0,,,27.142857142857142,1,-0.2282768777614138
2025-07-07,S004,South,P0913,Personal Care,6.23,0,0,0,20,20,1,7,44.0,26.0,,,30.428571428571427,0,0.18893129770992378
2025-09-07,S004,South,P0913,Personal Care,6.08,0,0,1,39,41,0,9,20.0,21.0,,,29.571428571428573,6,-0.024077046548956704
2025-09-24,S004,South,P0913,Personal Care,5.18,1,0,0,44,44,1,9,39.0,30.0,,,32.142857142857146,2,-0.14802631578947378
2025-09-25,S004,South,P0913,Personal Care,6.23,0,0,0,28,33,0,9,44.0,31.0,,,34.142857142857146,3,0.20270270270270285
2025-10-16,S004,South,P0913,Personal Care,5.67,1,0,0,36,44,0,10,28.0,40.0,26.0,,33.714285714285715,3,-0.08988764044943831
2025-11-24,S004,South,P0913,Personal Care,7.03,0,0,0,23,23,1,11,36.0,21.0,27.0,,33.142857142857146,0,0.23985890652557318
2025-12-07,S004,South,P0913,Personal Care,6.98,0,0,1,38,38,1,12,23.0,44.0,21.0,,33.42857142857143,6,-0.007112375533428139
2025-12-08,S004,South,P0913,Personal Care,6.7,0,0,0,24,28,0,12,38.0,20.0,26.0,,32.57142857142857,0,-0.04011461318051579
2025-12-24,S004,South,P0913,Personal Care,5.96,0,0,0,24,29,0,12,24.0,39.0,21.0,,33.142857142857146,2,-0.11044776119402988
2025-01-12,S005,East,P0001,Beverages,2.76,1,0,1,96,96,1,1,,,,,,6,
2025-01-28,S005,East,P0001,Beverages,3.74,0,0,0,37,37,1,1,96.0,,,,,1,0.3550724637681162
2025-01-29,S005,East,P0001,Beverages,3.27,0,0,0,54,56,0,1,37.0,,,,,2,-0.12566844919786102
2025-02-10,S005,East,P0001,Beverages,2.88,1,0,0,79,79,1,2,54.0,,,,,0,-0.11926605504587162
2025-02-22,S005,East,P0001,Beverages,3.39,0,0,1,54,54,1,2,79.0,,,,,5,0.17708333333333348
2025-04-21,S005,East,P0001,Beverages,3.73,0,0,0,59,59,1,4,54.0,,,,,0,0.10029498525073732
2025-04-21,S005,East,P0001,Beverages,3.3,0,0,0,46,46,1,4,59.0,,,,,0,-0.11528150134048265
2025-05-27,S005,East,P0001,Beverages,3.84,0,0,0,53,60,0,5,46.0,96.0,,,60.714285714285715,1,0.16363636363636358
2025-06-12,S005,East,P0001,Beverages,2.9,1,0,0,77,90,0,6,53.0,37.0,,,54.57142857142857,3,-0.24479166666666663
2025-06-22,S005,East,P0001,Beverages,3.21,0,0,1,52,52,1,6,77.0,54.0,,,60.285714285714285,6,0.10689655172413803
2025-06-28,S005,East,P0001,Beverages,3.4,0,1,1,91,106,0,6,52.0,79.0,,,60.0,5,0.05919003115264787
2025-06-29,S005,East,P0001,Beverages,3.56,0,0,1,56,69,0,6,91.0,54.0,,,61.714285714285715,6,0.04705882352941182
2025-06-30,S005,East,P0001,Beverages,3.43,0,0,0,55,55,1,6,56.0,59.0,,,62.0,0,-0.03651685393258419
2025-08-24,S005,East,P0001,Beverages,3.16,1,0,1,82,103,0,8,55.0,46.0,,,61.42857142857143,6,-0.07871720116618075
2025-08-25,S005,East,P0001,Beverages,2.85,1,0,0,65,65,1,8,82.0,53.0,96.0,,66.57142857142857,0,-0.09810126582278478
2025-09-14,S005,East,P0001,Beverages,3.79,0,0,1,62,62,1,9,65.0,77.0,37.0,,68.28571428571429,6,0.3298245614035087
2025-09-15,S005,East,P0001,Beverages,3.78,0,0,0,39,49,0,9,62.0,52.0,54.0,,66.14285714285714,0,-0.0026385224274406704
2025-09-25,S005,East,P0001,Beverages,3.82,0,0,0,43,49,0,9,39.0,91.0,79.0,,64.28571428571429,3,0.010582010582010692
2025-10-04,S005,East,P0001,Beverages,3.16,0,0,1,69,76,0,10,43.0,56.0,54.0,,57.42857142857143,5,-0.17277486910994755
2025-10-25,S005,East,P0001,Beverages,3.64,0,1,1,83,83,1,10,69.0,55.0,59.0,,59.285714285714285,5,0.1518987341772151
2025-11-04,S005,East,P0001,Beverages,3.27,1,0,0,56,56,1,11,83.0,82.0,46.0,,63.285714285714285,1,-0.10164835164835162
2025-11-07,S005,East,P0001,Beverages,3.54,0,0,0,36,36,1,11,56.0,65.0,53.0,,59.57142857142857,4,0.08256880733944949
2025-11-13,S005,East,P0001,Beverages,3.14,1,0,0,87,106,0,11,36.0,62.0,77.0,,55.42857142857143,3,-0.11299435028248583
2025-11-28,S005,East,P0001,Beverages,2.73,1,0,0,53,53,1,11,87.0,39.0,52.0,,59.0,4,-0.1305732484076434
2025-12-26,S005,East,P0001,Beverages,3.79,0,0,0,44,56,0,12,53.0,43.0,91.0,,61.0,4,0.38827838827838823
2025-12-31,S005,East,P0001,Beverages,3.11,1,0,0,59,59,1,12,44.0,69.0,56.0,,61.142857142857146,2,-0.17941952506596315
2025-02-20,S005,East,P0002,Beverages,3.42,0,0,0,45,45,1,2,,,,,,3,
2025-04-05,S005,East,P0002,Beverages,3.23,0,0,1,50,57,0,4,45.0,,,,,5,-0.05555555555555558
2025-05-02,S005,East,P0002,Beverages,2.92,1,0,0,64,64,1,5,50.0,,,,,4,-0.09597523219814241
2025-05-12,S005,East,P0002,Beverages,3.76,0,0,0,44,44,1,5,64.0,,,,,0,0.28767123287671237
2025-06-02,S005,East,P0002,Beverages,3.44,0,0,0,45,49,0,6,44.0,,,,,0,-0.08510638297872342
2025-07-06,S005,East,P0002,Beverages,3.72,0,0,1,54,54,1,7,45.0,,,,,6,0.08139534883720945
2025-08-26,S005,East,P0002,Beverages,3.3,0,0,0,32,32,1,8,54.0,,,,,1,-0.11290322580645173
2025-10-02,S005,East,P0002,Beverages,3.12,1,0,0,81,94,0,10,32.0,45.0,,,47.714285714285715,3,-0.05454545454545445
2025-11-05,S005,East,P0002,Beverages,3.39,0,0,0,45,45,1,11,81.0,50.0,,,52.857142857142854,2,0.08653846153846145
2025-11-17,S005,East,P0002,Beverages,3.2,0,0,0,48,59,0,11,45.0,64.0,,,52.142857142857146,0,-0.05604719764011801
2025-11-20,S005,East,P0002,Beverages,3.18,0,0,0,33,33,1,11,48.0,44.0,,,49.857142857142854,3,-0.006249999999999978
2025-11-23,S005,East,P0002,Beverages,3.5,0,0,1,59,59,1,11,33.0,45.0,,,48.285714285714285,6,0.10062893081761004
2025-12-16,S005,East,P0002,Beverages,3.71,0,0,0,46,53,0,12,59.0,54.0,,,50.285714285714285,1,0.06000000000000005
2025-12-29,S005,East,P0002,Beverages,3.41,0,1,0,63,63,1,12,46.0,32.0,,,49.142857142857146,0,-0.08086253369272234
2025-12-29,S005,East,P0002,Beverages,3.26,0,0,0,52,54,0,12,63.0,81.0,45.0,,53.57142857142857,0,-0.04398826979472148
2025-01-05,S005,East,P0456,Snacks,1.98,0,0,1,98,111,0,1,,,,,,6,
2025-03-14,S005,East,P0456,Snacks,1.8,0,0,0,86,103,0,3,98.0,,,,,4,-0.09090909090909083
2025-03-21,S005,East,P0456,Snacks,1.84,1,1,0,137,137,1,3,86.0,,,,,4,0.022222222222222143
2025-04-02,S005,East,P0456,Snacks,1.53,1,0,0,111,111,1,4,137.0,,,,,2,-0.1684782608695652
2025-05-08,S005,East,P0456,Snacks,2.03,0,0,0,78,78,1,5,111.0,,,,,3,0.326797385620915
2025-05-10,S005,East,P0456,Snacks,2.04,0,0,1,94,100,0,5,78.0,,,,,5,0.0049261083743843415
2025-05-14,S005,East,P0456,Snacks,2.1,0,0,0,70,70,1,5,94.0,,,,,2,0.02941176470588247
2025-05-28,S005,East,P0456,Snacks,1.87,0,0,0,67,70,0,5,70.0,98.0,,,96.28571428571429,2,-0.10952380952380947
2025-06-03,S005,East,P0456,Snacks,2.11,0,0,0,85,105,0,6,67.0,86.0,,,91.85714285714286,1,0.12834224598930466
2025-06-15,S005,East,P0456,Snacks,2.04,0,1,1,127,127,1,6,85.0,137.0,,,91.71428571428571,6,-0.033175355450236865
2025-07-14,S005,East,P0456,Snacks,1.85,1,0,0,124,124,1,7,127.0,111.0,,,90.28571428571429,0,-0.09313725490196079
2025-07-21,S005,East,P0456,Snacks,1.54,1,0,0,134,144,0,7,124.0,78.0,,,92.14285714285714,0,-0.16756756756756763
2025-08-14,S005,East,P0456,Snacks,1.99,0,0,0,56,56,1,8,134.0,94.0,,,100.14285714285714,3,0.29220779220779214
2025-08-16,S005,East,P0456,Snacks,2.17,0,0,1,144,154,0,8,56.0,70.0,,,94.71428571428571,5,0.09045226130653261
2025-09-24,S005,East,P0456,Snacks,2.07,0,0,0,80,101,0,9,144.0,67.0,98.0,,105.28571428571429,2,-0.04608294930875578
2025-10-16,S005,East,P0456,Snacks,2.07,0,0,0,73,77,0,10,80.0,85.0,86.0,,107.14285714285714,3,0.0
2025-11-02,S005,East,P0456,Snacks,2.06,0,0,1,78,78,1,11,73.0,127.0,137.0,,105.42857142857143,6,-0.004830917874396046
2025-11-06,S005,East,P0456,Snacks,1.81,1,0,0,135,166,0,11,78.0,124.0,111.0,,98.42857142857143,3,-0.12135922330097082
2025-11-11,S005,East,P0456,Snacks,2.17,0,0,0,67,67,1,11,135.0,134.0,78.0,,100.0,1,0.19889502762430933
2025-11-15,S005,East,P0456,Snacks,1.85,1,0,1,129,160,0,11,67.0,56.0,94.0,,90.42857142857143,5,-0.14746543778801835
2025-11-20,S005,East,P0456,Snacks,2.03,0,0,0,72,91,0,11,129.0,144.0,70.0,,100.85714285714286,3,0.09729729729729719
2025-11-24,S005,East,P0456,Snacks,2.18,0,0,0,74,74,1,11,72.0,80.0,67.0,,90.57142857142857,0,0.07389162561576379
2025-12-12,S005,East,P0456,Snacks,1.72,1,0,0,95,95,1,12,74.0,73.0,85.0,,89.71428571428571,4,-0.21100917431192667
2025-12-13,S005,East,P0456,Snacks,1.82,0,0,1,143,175,0,12,95.0,78.0,127.0,,92.85714285714286,5,0.058139534883721034
2025-01-17,S005,East,P0457,Snacks,1.78,1,0,0,113,132,0,1,,,,,,4,
2025-01-31,S005,East,P0457,Snacks,1.99,0,0,0,68,77,0,1,113.0,,,,,4,0.1179775280898876
2025-02-05,S005,East,P0457,Snacks,2.14,0,0,0,60,60,1,2,68.0,,,,,2,0.07537688442211055
2025-02-22,S005,East,P0457,Snacks,1.9,0,0,1,121,136,0,2,60.0,,,,,5,-0.1121495327102805
2025-04-24,S005,East,P0457,Snacks,2.13,0,0,0,72,77,0,4,121.0,,,,,3,0.1210526315789473
2025-07-06,S005,East,P0457,Snacks,1.82,0,0,1,101,113,0,7,72.0,,,,,6,-0.14553990610328627
2025-07-17,S005,East,P0457,Snacks,2.06,0,0,0,60,73,0,7,101.0,,,,,3,0.13186813186813184
2025-08-08,S005,East,P0457,Snacks,2.11,0,0,0,63,63,1,8,60.0,113.0,,,85.0,4,0.024271844660194164
2025-09-23,S005,East,P0457,Snacks,1.97,0,0,0,62,62,1,9,63.0,68.0,,,77.85714285714286,1,-0.06635071090047384
2025-10-04,S005,East,P0457,Snacks,1.94,0,0,1,90,90,1,10,62.0,60.0,,,77.0,5,-0.015228426395939132
2025-10-09,S005,East,P0457,Snacks,1.99,0,0,0,57,57,1,10,90.0,121.0,,,81.28571428571429,3,0.02577319587628879
2025-10-13,S005,East,P0457,Snacks,1.98,0,0,0,78,78,1,10,57.0,72.0,,,72.14285714285714,0,-0.005025125628140725
2025-10-17,S005,East,P0457,Snacks,1.85,0,0,0,82,95,0,10,78.0,101.0,,,73.0,4,-0.06565656565656564
2025-10-21,S005,East,P0457,Snacks,1.87,0,0,0,68,73,0,10,82.0,60.0,,,70.28571428571429,1,0.010810810810810922
2025-11-23,S005,East,P0457,Snacks,1.98,0,0,1,108,123,0,11,68.0,63.0,113.0,,71.42857142857143,6,0.05882352941176472
2025-12-12,S005,East,P0457,Snacks,2.16,0,0,0,77,77,1,12,108.0,62.0,68.0,,77.85714285714286,4,0.09090909090909105
2025-12-19,S005,East,P0457,Snacks,1.95,0,0,0,92,118,0,12,77.0,90.0,60.0,,80.0,4,-0.09722222222222232
2025-01-04,S005,East,P0789,Dairy,3.77,1,0,1,95,110,0,1,,,,,,5,
2025-01-22,S005,East,P0789,Dairy,4.19,0,0,0,30,30,1,1,95.0,,,,,2,0.1114058355437666
2025-02-10,S005,East,P0789,Dairy,4.47,0,0,0,19,19,1,2,30.0,,,,,0,0.06682577565632442
2025-03-10,S005,East,P0789,Dairy,4.44,0,0,0,36,45,0,3,19.0,,,,,0,-0.006711409395973034
2025-03-31,S005,East,P0789,Dairy,4.09,0,0,0,34,34,1,3,36.0,,,,,0,-0.07882882882882891
2025-05-02,S005,East,P0789,Dairy,4.19,0,0,0,34,40,0,5,34.0,,,,,4,0.02444987775061147
2025-05-16,S005,East,P0789,Dairy,3.93,0,0,0,40,51,0,5,34.0,,,,,4,-0.06205250596658718
2025-06-10,S005,East,P0789,Dairy,3.85,0,0,0,38,41,0,6,40.0,95.0,,,41.142857142857146,1,-0.020356234096692183
2025-07-09,S005,East,P0789,Dairy,4.01,0,0,0,37,37,1,7,38.0,30.0,,,33.0,2,0.04155844155844157
2025-08-05,S005,East,P0789,Dairy,3.58,1,0,0,69,69,1,8,37.0,19.0,,,34.0,1,-0.10723192019950123
2025-08-10,S005,East,P0789,Dairy,4.04,0,0,1,52,62,0,8,69.0,36.0,,,41.142857142857146,6,0.12849162011173187
2025-08-12,S005,East,P0789,Dairy,3.38,1,0,0,60,60,1,8,52.0,34.0,,,43.42857142857143,1,-0.1633663366336634
2025-09-09,S005,East,P0789,Dairy,4.25,0,0,0,21,21,1,9,60.0,34.0,,,47.142857142857146,1,0.2573964497041421
2025-10-18,S005,East,P0789,Dairy,4.16,0,0,1,66,66,1,10,21.0,40.0,,,45.285714285714285,5,-0.02117647058823524
2025-12-22,S005,East,P0789,Dairy,4.05,0,1,0,60,60,1,12,66.0,38.0,95.0,,49.0,0,-0.02644230769230782
2025-12-26,S005,East,P0789,Dairy,4.02,0,0,0,36,36,1,12,60.0,37.0,30.0,,52.142857142857146,4,-0.007407407407407418
2025-01-01,S005,East,P0790,Dairy,3.49,1,1,0,93,97,0,1,,,,,,2,
2025-02-13,S005,East,P0790,Dairy,4.59,0,1,0,40,40,1,2,93.0,,,,,3,0.3151862464183379
2025-02-23,S005,East,P0790,Dairy,4.46,0,0,1,48,48,1,2,40.0,,,,,6,-0.028322440087145906
2025-02-27,S005,East,P0790,Dairy,3.83,0,0,0,30,30,1,2,48.0,,,,,3,-0.14125560538116588
2025-03-28,S005,East,P0790,Dairy,4.12,0,0,0,50,52,0,3,30.0,,,,,4,0.07571801566579639
2025-03-29,S005,East,P0790,Dairy,3.39,1,0,1,76,80,0,3,50.0,,,,,5,-0.1771844660194175
2025-04-06,S005,East,P0790,Dairy,4.29,0,0,1,56,56,1,4,76.0,,,,,6,0.2654867256637168
2025-04-09,S005,East,P0790,Dairy,3.85,0,0,0,46,48,0,4,56.0,93.0,,,56.142857142857146,2,-0.10256410256410253
2025-04-23,S005,East,P0790,Dairy,4.21,0,0,0,35,35,1,4,46.0,40.0,,,49.42857142857143,2,0.09350649350649354
2025-04-29,S005,East,P0790,Dairy,4.17,0,0,0,38,47,0,4,35.0,48.0,,,48.714285714285715,1,-0.009501187648456089
2025-05-13,S005,East,P0790,Dairy,3.49,1,0,0,53,53,1,5,38.0,30.0,,,47.285714285714285,1,-0.16306954436450838
2025-05-17,S005,East,P0790,Dairy,3.77,1,1,1,83,88,0,5,53.0,50.0,,,50.57142857142857,5,0.08022922636103136
2025-05-20,S005,East,P0790,Dairy,4.12,0,0,0,48,50,0,5,83.0,76.0,,,55.285714285714285,1,0.09283819628647216
2025-08-23,S005,East,P0790,Dairy,4.29,0,0,1,51,51,1,8,48.0,56.0,,,51.285714285714285,5,0.04126213592233019
2025-09-16,S005,East,P0790,Dairy,4.45,0,0,0,41,51,0,9,51.0,46.0,93.0,,50.57142857142857,1,0.037296037296037365
2025-09-21,S005,East,P0790,Dairy,4.35,0,0,1,53,61,0,9,41.0,35.0,40.0,,49.857142857142854,6,-0.022471910112359716
2025-09-30,S005,East,P0790,Dairy,4.4,0,0,0,38,40,0,9,53.0,38.0,48.0,,52.42857142857143,1,0.011494252873563315
2025-10-04,S005,East,P0790,Dairy,3.92,0,0,1,55,55,1,10,38.0,53.0,30.0,,52.42857142857143,5,-0.10909090909090913
2025-12-12,S005,East,P0790,Dairy,4.06,0,0,0,35,39,0,12,55.0,83.0,50.0,,52.714285714285715,4,0.03571428571428559
2025-01-10,S005,East,P0912,Personal Care,6.37,0,0,0,21,25,0,1,,,,,,4,
2025-03-25,S005,East,P0912,Personal Care,7.01,0,0,0,22,25,0,3,21.0,,,,,1,0.10047095761381475
2025-05-07,S005,East,P0912,Personal Care,6.4,0,0,0,22,22,1,5,22.0,,,,,2,-0.08701854493580596
2025-05-25,S005,East,P0912,Personal Care,5.79,1,0,1,50,53,0,5,22.0,,,,,6,-0.09531250000000002
2025-06-30,S005,East,P0912,Personal Care,6.51,0,0,0,30,31,0,6,50.0,,,,,0,0.12435233160621761
2025-07-17,S005,East,P0912,Personal Care,7.06,0,0,0,32,32,1,7,30.0,,,,,3,0.08448540706605212
2025-08-08,S005,East,P0912,Personal Care,5.78,1,0,0,26,26,1,8,32.0,,,,,4,-0.18130311614730865
2025-08-16,S005,East,P0912,Personal Care,5.98,0,0,1,33,38,0,8,26.0,21.0,,,29.0,5,0.03460207612456756
2025-09-29,S005,East,P0912,Personal Care,6.12,0,0,0,24,24,1,9,33.0,22.0,,,30.714285714285715,0,0.02341137123745818
2025-10-20,S005,East,P0912,Personal Care,6.89,0,0,0,21,24,0,10,24.0,22.0,,,31.0,0,0.12581699346405228
2025-10-22,S005,East,P0912,Personal Care,6.05,1,0,0,49,53,0,10,21.0,50.0,,,30.857142857142858,2,-0.12191582002902757
2025-11-20,S005,East,P0912,Personal Care,6.45,0,0,0,28,28,1,11,49.0,30.0,,,30.714285714285715,3,0.06611570247933884
2025-12-08,S005,East,P0912,Personal Care,6.06,0,0,0,13,15,0,12,28.0,32.0,,,30.428571428571427,0,-0.06046511627906981
2025-12-29,S005,East,P0912,Personal Care,6.88,0,0,0,24,28,0,12,13.0,26.0,,,27.714285714285715,0,0.13531353135313529
2025-01-05,S005,East,P0913,Personal Care,6.89,0,0,1,24,24,1,1,,,,,,6,
2025-01-13,S005,East,P0913,Personal Care,5.7,1,0,0,48,49,0,1,24.0,,,,,0,-0.17271407837445563
2025-02-15,S005,East,P0913,Personal Care,6.56,0,1,1,56,57,0,2,48.0,,,,,5,0.15087719298245594
2025-02-23,S005,East,P0913,Personal Care,6.73,0,0,1,28,35,0,2,56.0,,,,,6,0.025914634146341653
2025-07-13,S005,East,P0913,Personal Care,6.21,0,0,1,37,37,1,7,28.0,,,,,6,-0.07726597325408624
2025-09-04,S005,East,P0913,Personal Care,5.86,0,0,0,25,25,1,9,37.0,,,,,3,-0.056360708534621495
2025-09-04,S005,East,P0913,Personal Care,5.61,1,0,0,48,58,0,9,25.0,,,,,3,-0.0426621160409556
2025-09-11,S005,East,P0913,Personal Care,6.51,0,0,0,24,24,0,9,48.0,24.0,,,38.0,3,0.160427807486631
2025-09-21,S005,East,P0913,Personal Care,6.67,0,0,1,40,46,0,9,24.0,48.0,,,38.0,6,0.02457757296466978
2025-10-09,S005,East,P0913,Personal Care,6.85,0,1,0,32,33,0,10,40.0,56.0,,,36.857142857142854,3,0.026986506746626615
2025-11-06,S005,East,P0913,Personal Care,6.03,0,0,0,24,28,0,11,32.0,28.0,,,33.42857142857143,3,-0.11970802919708023
2025-11-14,S005,East,P0913,Personal Care,5.38,1,0,0,42,47,0,11,24.0,37.0,,,32.857142857142854,4,-0.10779436152570487
2025-12-10,S005,East,P0913,Personal Care,5.52,1,0,0,27,27,1,12,42.0,25.0,,,33.57142857142857,2,0.026022304832713727
2025-12-17,S005,East,P0913,Personal Care,6.2,0,0,0,16,16,1,12,27.0,48.0,,,33.857142857142854,2,0.12318840579710155
2025-01-19,S006,East,P0001,Beverages,3.57,0,0,1,72,72,0,1,,,,,,6,
2025-01-30,S006,East,P0001,Beverages,3.19,0,0,0,54,54,1,1,72.0,,,,,3,-0.10644257703081228
2025-02-03,S006,East,P0001,Beverages,2.95,1,0,0,80,101,0,2,54.0,,,,,0,-0.07523510971786829
2025-02-15,S006,East,P0001,Beverages,3.22,0,0,1,62,62,1,2,80.0,,,,,5,0.09152542372881367
2025-02-28,S006,East,P0001,Beverages,3.59,0,0,0,41,47,0,2,62.0,,,,,4,0.11490683229813659
2025-03-17,S006,East,P0001,Beverages,3.6,0,0,0,37,37,1,3,41.0,,,,,0,0.0027855153203342198
2025-04-11,S006,East,P0001,Beverages,3.11,1,0,0,76,95,0,4,37.0,,,,,4,-0.13611111111111118
2025-05-11,S006,East,P0001,Beverages,2.87,1,0,1,80,80,1,5,76.0,72.0,,,60.285714285714285,6,-0.07717041800643076
2025-06-01,S006,East,P0001,Beverages,3.7,0,0,1,57,57,1,6,80.0,54.0,,,61.42857142857143,6,0.28919860627177707
2025-06-20,S006,East,P0001,Beverages,3.69,0,0,0,45,50,0,6,57.0,80.0,,,61.857142857142854,4,-0.002702702702702786
2025-07-06,S006,East,P0001,Beverages,3.41,0,0,1,56,56,1,7,45.0,62.0,,,56.857142857142854,6,-0.07588075880758804
2025-07-17,S006,East,P0001,Beverages,3.15,1,0,0,59,59,1,7,56.0,41.0,,,56.0,3,-0.07624633431085048
2025-08-09,S006,East,P0001,Beverages,3.21,1,0,1,94,94,1,8,59.0,37.0,,,58.57142857142857,5,0.01904761904761898
2025-08-15,S006,East,P0001,Beverages,2.81,1,0,0,76,79,0,8,94.0,76.0,,,66.71428571428571,4,-0.12461059190031154
2025-08-19,S006,East,P0001,Beverages,3.23,0,0,0,39,39,1,8,76.0,80.0,72.0,,66.71428571428571,1,0.14946619217081847
2025-08-27,S006,East,P0001,Beverages,3.65,0,0,0,57,57,1,8,39.0,57.0,54.0,,60.857142857142854,2,0.13003095975232193
2025-09-10,S006,East,P0001,Beverages,3.63,0,0,0,57,58,0,9,57.0,45.0,80.0,,60.857142857142854,2,-0.005479452054794498
2025-09-22,S006,East,P0001,Beverages,3.43,0,0,0,46,48,0,9,57.0,56.0,62.0,,62.57142857142857,0,-0.05509641873278226
2025-09-30,S006,East,P0001,Beverages,3.26,0,1,0,80,87,0,9,46.0,59.0,41.0,,61.142857142857146,1,-0.04956268221574356
2025-11-14,S006,East,P0001,Beverages,3.75,0,0,0,50,50,1,11,80.0,94.0,37.0,,64.14285714285714,4,0.1503067484662577
2025-12-03,S006,East,P0001,Beverages,3.64,0,1,0,63,63,1,12,50.0,76.0,76.0,,57.857142857142854,2,-0.029333333333333322
2025-01-13,S006,East,P0002,Beverages,3.06,1,0,0,87,89,0,1,,,,,,0,
2025-02-08,S006,East,P0002,Beverages,2.96,1,0,1,94,100,0,2,87.0,,,,,5,-0.0326797385620915
2025-02-26,S006,East,P0002,Beverages,2.93,1,0,0,82,82,1,2,94.0,,,,,2,-0.010135135135135087
2025-03-23,S006,East,P0002,Beverages,3.03,1,0,1,84,84,1,3,82.0,,,,,6,0.03412969283276435
2025-04-05,S006,East,P0002,Beverages,3.48,0,0,1,61,72,0,4,84.0,,,,,5,0.14851485148514865
2025-04-16,S006,East,P0002,Beverages,2.89,1,0,0,56,56,1,4,61.0,,,,,2,-0.16954022988505746
2025-08-12,S006,East,P0002,Beverages,2.9,1,0,0,56,56,1,8,56.0,,,,,1,0.0034602076124565784
2025-09-27,S006,East,P0002,Beverages,3.23,0,0,1,82,88,0,9,56.0,87.0,,,74.28571428571429,5,0.11379310344827598
2025-09-28,S006,East,P0002,Beverages,3.19,0,0,1,58,59,0,9,82.0,94.0,,,73.57142857142857,6,-0.012383900928792602
2025-10-09,S006,East,P0002,Beverages,3.44,0,0,0,56,58,0,10,58.0,82.0,,,68.42857142857143,3,0.07836990595611293
2025-10-11,S006,East,P0002,Beverages,3.51,0,0,1,58,58,1,10,56.0,84.0,,,64.71428571428571,5,0.02034883720930236
2025-10-20,S006,East,P0002,Beverages,3.53,0,0,0,42,48,0,10,58.0,61.0,,,61.0,0,0.005698005698005604
2025-10-21,S006,East,P0002,Beverages,3.09,1,0,0,93,93,1,10,42.0,56.0,,,58.285714285714285,1,-0.12464589235127477
2025-10-30,S006,East,P0002,Beverages,3.78,0,0,0,38,38,1,10,93.0,56.0,,,63.57142857142857,3,0.2233009708737863
2025-11-02,S006,East,P0002,Beverages,3.18,0,0,1,42,42,1,11,38.0,82.0,87.0,,61.0,6,-0.1587301587301586
2025-12-19,S006,East,P0002,Beverages,3.31,0,0,0,47,57,0,12,42.0,58.0,94.0,,55.285714285714285,4,0.04088050314465397
2025-12-25,S006,East,P0002,Beverages,3.41,0,0,0,46,46,1,12,47.0,56.0,82.0,,53.714285714285715,3,0.030211480362537735
2025-01-14,S006,East,P0456,Snacks,1.9,0,0,0,74,87,0,1,,,,,,1,
2025-02-16,S006,East,P0456,Snacks,2.05,0,0,1,120,120,1,2,74.0,,,,,6,0.07894736842105265
2025-02-16,S006,East,P0456,Snacks,2.05,0,0,1,97,97,1,2,120.0,,,,,6,0.0
2025-02-17,S006,East,P0456,Snacks,1.8,1,0,0,153,194,0,2,97.0,,,,,0,-0.12195121951219501
2025-03-23,S006,East,P0456,Snacks,2.15,0,0,1,106,115,0,3,153.0,,,,,6,0.19444444444444442
2025-03-27,S006,East,P0456,Snacks,1.8,1,0,0,107,107,1,3,106.0,,,,,3,-0.16279069767441856
2025-04-18,S006,East,P0456,Snacks,2.17,0,0,0,85,100,0,4,107.0,,,,,4,0.2055555555555555
2025-04-23,S006,East,P0456,Snacks,1.87,0,0,0,66,66,1,4,85.0,74.0,,,106.0,2,-0.13824884792626724
2025-05-17,S006,East,P0456,Snacks,1.8,0,1,1,140,140,1,5,66.0,120.0,,,104.85714285714286,5,-0.03743315508021394
2025-06-03,S006,East,P0456,Snacks,1.84,0,0,0,83,96,0,6,140.0,97.0,,,107.71428571428571,1,0.022222222222222143
2025-07-02,S006,East,P0456,Snacks,2.03,0,0,0,82,94,0,7,83.0,153.0,,,105.71428571428571,2,0.1032608695652173
2025-10-23,S006,East,P0456,Snacks,1.8,1,0,0,120,120,1,10,82.0,106.0,,,95.57142857142857,3,-0.1133004926108373
2025-10-23,S006,East,P0456,Snacks,2.11,0,0,0,90,108,0,10,120.0,107.0,,,97.57142857142857,3,0.17222222222222205
2025-11-12,S006,East,P0456,Snacks,1.85,0,0,0,86,86,1,11,90.0,85.0,,,95.14285714285714,2,-0.12322274881516582
2025-11-18,S006,East,P0456,Snacks,1.94,0,0,0,82,105,0,11,86.0,66.0,74.0,,95.28571428571429,1,0.048648648648648596
2025-11-24,S006,East,P0456,Snacks,2.05,0,0,0,76,76,1,11,82.0,140.0,120.0,,97.57142857142857,0,0.05670103092783507
2025-12-14,S006,East,P0456,Snacks,1.81,0,0,1,94,94,1,12,76.0,83.0,97.0,,88.42857142857143,6,-0.1170731707317072
2025-12-20,S006,East,P0456,Snacks,2.13,0,0,1,122,145,0,12,94.0,82.0,153.0,,90.0,5,0.17679558011049723
2025-01-18,S006,East,P0457,Snacks,1.84,1,0,1,125,125,1,1,,,,,,5,
2025-02-04,S006,East,P0457,Snacks,2.12,0,0,0,80,97,0,2,125.0,,,,,1,0.15217391304347827
2025-03-28,S006,East,P0457,Snacks,2.1,0,0,0,74,89,0,3,80.0,,,,,4,-0.009433962264150941
2025-04-05,S006,East,P0457,Snacks,2.19,0,0,1,74,74,1,4,74.0,,,,,5,0.042857142857142705
2025-04-12,S006,East,P0457,Snacks,2.02,0,0,1,74,74,1,4,74.0,,,,,5,-0.07762557077625565
2025-05-14,S006,East,P0457,Snacks,1.74,1,0,0,102,102,1,5,74.0,,,,,2,-0.13861386138613863
2025-06-13,S006,East,P0457,Snacks,1.95,0,1,0,142,142,1,6,102.0,,,,,4,0.1206896551724137
2025-06-21,S006,East,P0457,Snacks,1.99,0,0,1,88,88,1,6,142.0,125.0,,,95.85714285714286,5,0.02051282051282044
2025-07-09,S006,East,P0457,Snacks,2.12,0,0,0,60,60,1,7,88.0,80.0,,,90.57142857142857,2,0.0653266331658291
2025-07-13,S006,East,P0457,Snacks,1.83,0,0,1,112,112,1,7,60.0,74.0,,,87.71428571428571,6,-0.1367924528301887
2025-07-19,S006,East,P0457,Snacks,2.08,0,0,1,70,70,1,7,112.0,74.0,,,93.14285714285714,5,0.13661202185792343
2025-09-16,S006,East,P0457,Snacks,2.08,0,0,0,76,85,0,9,70.0,74.0,,,92.57142857142857,1,0.0
2025-09-17,S006,East,P0457,Snacks,2.0,0,0,0,69,69,1,9,76.0,102.0,,,92.85714285714286,2,-0.03846153846153855
2025-10-29,S006,East,P0457,Snacks,2.11,0,0,0,94,119,0,10,69.0,142.0,,,88.14285714285714,2,0.05499999999999994
2025-11-01,S006,East,P0457,Snacks,1.88,0,0,1,118,151,0,11,94.0,88.0,125.0,,81.28571428571429,5,-0.1090047393364929
2025-12-01,S006,East,P0457,Snacks,1.86,1,0,0,122,152,0,12,118.0,60.0,80.0,,85.57142857142857,0,-0.010638297872340274
2025-01-01,S006,East,P0789,Dairy,3.25,1,0,0,61,77,0,1,,,,,,2,
2025-02-15,S006,East,P0789,Dairy,3.83,0,0,1,40,40,1,2,61.0,,,,,5,0.17846153846153845
2025-02-24,S006,East,P0789,Dairy,4.53,0,0,0,55,55,0,2,40.0,,,,,0,0.18276762402088775
2025-03-09,S006,East,P0789,Dairy,3.35,1,0,1,80,95,0,3,55.0,,,,,6,-0.26048565121412803
2025-04-09,S006,East,P0789,Dairy,4.04,0,0,0,31,33,0,4,80.0,,,,,2,0.20597014925373136
2025-05-09,S006,East,P0789,Dairy,3.45,1,0,0,67,67,1,5,31.0,,,,,4,-0.14603960396039606
2025-05-19,S006,East,P0789,Dairy,3.85,0,0,0,53,55,0,5,67.0,,,,,0,0.11594202898550732
2025-05-23,S006,East,P0789,Dairy,3.82,1,0,0,49,49,1,5,53.0,61.0,,,55.285714285714285,4,-0.007792207792207906
2025-05-27,S006,East,P0789,Dairy,3.8,0,0,0,44,46,0,5,49.0,40.0,,,53.57142857142857,1,-0.005235602094240788
2025-05-28,S006,East,P0789,Dairy,4.49,0,0,0,36,36,1,5,44.0,55.0,,,54.142857142857146,2,0.18157894736842106
2025-05-28,S006,East,P0789,Dairy,4.48,0,0,0,27,32,0,5,36.0,80.0,,,51.42857142857143,2,-0.00222717149220486
2025-08-14,S006,East,P0789,Dairy,4.36,0,0,0,36,36,1,8,27.0,31.0,,,43.857142857142854,3,-0.0267857142857143
2025-08-23,S006,East,P0789,Dairy,4.56,0,0,1,43,43,1,8,36.0,67.0,,,44.57142857142857,5,0.04587155963302725
2025-08-24,S006,East,P0789,Dairy,3.88,0,0,1,49,61,0,8,43.0,53.0,,,41.142857142857146,6,-0.14912280701754377
2025-09-09,S006,East,P0789,Dairy,4.41,0,0,0,43,44,0,9,49.0,49.0,61.0,,40.57142857142857,1,0.13659793814432986
2025-09-10,S006,East,P0789,Dairy,3.9,0,0,0,37,37,1,9,43.0,44.0,40.0,,39.714285714285715,2,-0.11564625850340138
2025-09-25,S006,East,P0789,Dairy,4.6,0,0,0,33,37,0,9,37.0,36.0,55.0,,38.714285714285715,3,0.17948717948717952
2025-10-09,S006,East,P0789,Dairy,4.56,0,0,0,32,32,1,10,33.0,27.0,80.0,,38.285714285714285,3,-0.008695652173913104
2025-10-17,S006,East,P0789,Dairy,3.86,0,0,0,43,54,0,10,32.0,36.0,31.0,,39.0,4,-0.15350877192982448
2025-11-13,S006,East,P0789,Dairy,3.28,1,0,0,46,46,0,11,43.0,43.0,67.0,,40.0,3,-0.15025906735751293
2025-11-17,S006,East,P0789,Dairy,3.41,1,0,0,53,53,1,11,46.0,49.0,53.0,,40.42857142857143,0,0.03963414634146356
2025-12-17,S006,East,P0789,Dairy,4.06,0,0,0,51,65,0,12,53.0,43.0,49.0,,41.0,2,0.19061583577712593
2025-01-10,S006,East,P0790,Dairy,4.34,0,0,0,32,33,0,1,,,,,,4,
2025-01-21,S006,East,P0790,Dairy,4.59,0,0,0,33,33,1,1,32.0,,,,,1,0.05760368663594462
2025-01-26,S006,East,P0790,Dairy,3.82,0,0,1,44,49,0,1,33.0,,,,,6,-0.16775599128540308
2025-02-19,S006,East,P0790,Dairy,3.77,1,0,0,50,50,1,2,44.0,,,,,2,-0.01308900523560208
2025-02-21,S006,East,P0790,Dairy,3.25,1,0,0,68,79,0,2,50.0,,,,,4,-0.13793103448275867
2025-03-01,S006,East,P0790,Dairy,3.3,1,0,1,79,79,1,3,68.0,,,,,5,0.01538461538461533
2025-03-19,S006,East,P0790,Dairy,4.47,0,0,0,42,49,0,3,79.0,,,,,2,0.3545454545454545
2025-04-18,S006,East,P0790,Dairy,3.85,0,1,0,52,52,1,4,42.0,32.0,,,49.714285714285715,4,-0.13870246085011184
2025-05-26,S006,East,P0790,Dairy,3.7,1,1,0,96,98,0,5,52.0,33.0,,,52.57142857142857,0,-0.038961038961038974
2025-06-20,S006,East,P0790,Dairy,4.33,0,0,0,34,44,0,6,96.0,44.0,,,61.57142857142857,4,0.1702702702702703
2025-08-05,S006,East,P0790,Dairy,3.4,1,0,0,43,55,0,8,34.0,50.0,,,60.142857142857146,1,-0.21478060046189384
2025-09-23,S006,East,P0790,Dairy,4.24,0,0,0,41,52,0,9,43.0,68.0,,,59.142857142857146,1,0.24705882352941178
2025-10-05,S006,East,P0790,Dairy,3.88,1,0,1,71,71,1,10,41.0,79.0,,,55.285714285714285,6,-0.08490566037735858
2025-10-15,S006,East,P0790,Dairy,3.29,1,0,0,61,61,1,10,71.0,42.0,,,54.142857142857146,2,-0.1520618556701031
2025-10-16,S006,East,P0790,Dairy,3.76,1,0,0,62,70,0,10,61.0,52.0,32.0,,56.857142857142854,3,0.1428571428571428
2025-11-15,S006,East,P0790,Dairy,4.0,0,0,1,55,64,0,11,62.0,96.0,33.0,,58.285714285714285,5,0.06382978723404253
2025-01-21,S006,East,P0912,Personal Care,6.38,0,0,0,27,27,0,1,,,,,,1,
2025-01-22,S006,East,P0912,Personal Care,6.1,0,0,0,27,32,0,1,27.0,,,,,2,-0.043887147335423204
2025-02-07,S006,East,P0912,Personal Care,5.31,1,0,0,48,56,0,2,27.0,,,,,4,-0.12950819672131153
2025-05-23,S006,East,P0912,Personal Care,6.31,0,1,0,30,30,1,5,48.0,,,,,4,0.18832391713747643
2025-06-01,S006,East,P0912,Personal Care,5.68,1,0,1,52,52,1,6,30.0,,,,,6,-0.09984152139461167
2025-06-05,S006,East,P0912,Personal Care,5.15,1,0,0,33,33,1,6,52.0,,,,,3,-0.09330985915492951
2025-06-06,S006,East,P0912,Personal Care,7.02,0,0,0,33,41,0,6,33.0,,,,,4,0.36310679611650465
2025-08-11,S006,East,P0912,Personal Care,6.12,0,0,0,21,22,0,8,33.0,27.0,,,35.714285714285715,0,-0.12820512820512808
2025-08-27,S006,East,P0912,Personal Care,6.05,0,0,0,21,21,1,8,21.0,27.0,,,34.857142857142854,2,-0.011437908496732097
2025-10-12,S006,East,P0912,Personal Care,5.61,1,0,1,51,64,0,10,21.0,48.0,,,34.0,6,-0.07272727272727264
2025-11-15,S006,East,P0912,Personal Care,5.07,1,0,1,39,39,1,11,51.0,30.0,,,34.42857142857143,5,-0.09625668449197866
2025-12-25,S006,East,P0912,Personal Care,6.28,0,0,0,17,17,1,12,39.0,52.0,,,35.714285714285715,3,0.23865877712031547
2025-01-02,S006,East,P0913,Personal Care,5.56,1,0,0,57,70,0,1,,,,,,3,
2025-01-06,S006,East,P0913,Personal Care,7.09,0,0,0,33,37,0,1,57.0,,,,,0,0.275179856115108
2025-01-16,S006,East,P0913,Personal Care,6.27,0,0,0,22,28,0,1,33.0,,,,,3,-0.11565585331452755
2025-01-20,S006,East,P0913,Personal Care,6.7,0,0,0,19,22,0,1,22.0,,,,,0,0.06858054226475296
2025-01-23,S006,East,P0913,Personal Care,6.44,0,0,0,32,41,0,1,19.0,,,,,3,-0.03880597014925369
2025-02-17,S006,East,P0913,Personal Care,5.9,1,0,0,27,27,1,2,32.0,,,,,0,-0.08385093167701863
2025-03-09,S006,East,P0913,Personal Care,5.81,1,0,1,39,39,1,3,27.0,,,,,6,-0.015254237288135686
2025-03-17,S006,East,P0913,Personal Care,6.16,0,0,0,20,24,0,3,39.0,57.0,,,32.714285714285715,0,0.06024096385542177
2025-04-07,S006,East,P0913,Personal Care,5.58,1,0,0,29,29,1,4,20.0,33.0,,,27.428571428571427,0,-0.09415584415584421
2025-04-09,S006,East,P0913,Personal Care,5.02,1,0,0,31,31,1,4,29.0,22.0,,,26.857142857142858,2,-0.10035842293906816
2025-05-31,S006,East,P0913,Personal Care,6.24,0,0,1,32,39,0,5,31.0,19.0,,,28.142857142857142,5,0.24302788844621537
2025-06-21,S006,East,P0913,Personal Care,6.64,0,0,1,14,14,1,6,32.0,32.0,,,30.0,5,0.0641025641025641
2025-08-10,S006,East,P0913,Personal Care,6.15,0,0,1,21,21,1,8,14.0,27.0,,,27.428571428571427,6,-0.07379518072289148
2025-08-12,S006,East,P0913,Personal Care,6.57,0,0,0,27,34,0,8,21.0,39.0,,,26.571428571428573,1,0.06829268292682933
2025-08-21,S006,East,P0913,Personal Care,7.09,0,0,0,25,26,0,8,27.0,20.0,57.0,,24.857142857142858,3,0.0791476407914764
2025-08-30,S006,East,P0913,Personal Care,6.82,0,0,1,41,45,0,8,25.0,29.0,33.0,,25.571428571428573,5,-0.038081805359661436
2025-09-03,S006,East,P0913,Personal Care,6.81,0,0,0,15,15,1,9,41.0,31.0,22.0,,27.285714285714285,2,-0.0014662756598241566
2025-10-12,S006,East,P0913,Personal Care,6.73,0,0,1,29,30,0,10,15.0,32.0,19.0,,25.0,6,-0.011747430249632762
2025-11-16,S006,East,P0913,Personal Care,5.77,1,0,1,58,60,0,11,29.0,14.0,32.0,,24.571428571428573,6,-0.14264487369985157
2025-01-10,S007,West,P0001,Beverages,3.07,1,0,0,75,91,0,1,,,,,,4,
2025-01-15,S007,West,P0001,Beverages,3.24,0,0,0,39,40,0,1,75.0,,,,,2,0.055374592833876246
2025-02-04,S007,West,P0001,Beverages,3.52,0,0,0,42,49,0,2,39.0,,,,,1,0.08641975308641969
2025-02-24,S007,West,P0001,Beverages,2.69,1,0,0,52,52,1,2,42.0,,,,,0,-0.23579545454545459
2025-03-30,S007,West,P0001,Beverages,3.79,0,0,1,47,47,1,3,52.0,,,,,6,0.40892193308550184
2025-04-16,S007,West,P0001,Beverages,3.82,0,0,0,41,43,0,4,47.0,,,,,2,0.0079155672823219
2025-04-26,S007,West,P0001,Beverages,3.45,0,0,1,62,62,1,4,41.0,,,,,5,-0.09685863874345546
2025-05-06,S007,West,P0001,Beverages,3.59,0,0,0,47,49,0,5,62.0,75.0,,,51.142857142857146,1,0.04057971014492745
2025-05-17,S007,West,P0001,Beverages,3.81,0,0,1,65,80,0,5,47.0,39.0,,,47.142857142857146,5,0.06128133704735372
2025-05-19,S007,West,P0001,Beverages,3.81,0,1,0,61,77,0,5,65.0,42.0,,,50.857142857142854,0,0.0
2025-05-26,S007,West,P0001,Beverages,3.18,0,0,0,47,52,0,5,61.0,52.0,,,53.57142857142857,0,-0.16535433070866135
2025-06-03,S007,West,P0001,Beverages,3.05,1,0,0,79,82,0,6,47.0,47.0,,,52.857142857142854,1,-0.04088050314465419
2025-06-22,S007,West,P0001,Beverages,3.77,0,0,1,63,63,0,6,79.0,41.0,,,57.42857142857143,6,0.23606557377049198
2025-06-22,S007,West,P0001,Beverages,3.18,0,0,1,69,71,0,6,63.0,62.0,,,60.57142857142857,6,-0.156498673740053
2025-07-03,S007,West,P0001,Beverages,3.23,0,0,0,50,64,0,7,69.0,47.0,75.0,,61.57142857142857,3,0.015723270440251458
2025-09-06,S007,West,P0001,Beverages,3.24,0,0,1,58,60,0,9,50.0,65.0,39.0,,62.0,5,0.003095975232198178
2025-10-06,S007,West,P0001,Beverages,3.77,0,0,0,43,49,0,10,58.0,61.0,42.0,,61.0,0,0.16358024691358009
2025-10-29,S007,West,P0001,Beverages,2.93,1,0,0,77,80,0,10,43.0,47.0,52.0,,58.42857142857143,2,-0.22281167108753308
2025-11-08,S007,West,P0001,Beverages,3.53,0,0,1,63,63,1,11,77.0,79.0,47.0,,62.714285714285715,5,0.20477815699658697
2025-01-04,S007,West,P0002,Beverages,3.84,0,0,1,68,73,0,1,,,,,,5,
2025-01-05,S007,West,P0002,Beverages,3.81,0,0,1,53,53,0,1,68.0,,,,,6,-0.0078125
2025-01-15,S007,West,P0002,Beverages,3.25,0,0,0,40,40,1,1,53.0,,,,,2,-0.14698162729658792
2025-05-15,S007,West,P0002,Beverages,3.44,0,0,0,54,54,0,5,40.0,,,,,3,0.05846153846153834
2025-05-25,S007,West,P0002,Beverages,2.93,1,0,1,69,69,1,5,54.0,,,,,6,-0.1482558139534883
2025-07-03,S007,West,P0002,Beverages,3.72,0,0,0,44,49,0,7,69.0,,,,,3,0.2696245733788396
2025-08-04,S007,West,P0002,Beverages,3.78,0,0,0,35,35,1,8,44.0,,,,,0,0.016129032258064502
2025-08-06,S007,West,P0002,Beverages,3.24,1,0,0,93,95,0,8,35.0,68.0,,,51.857142857142854,2,-0.1428571428571428
2025-08-19,S007,West,P0002,Beverages,3.72,0,0,0,38,38,1,8,93.0,53.0,,,55.42857142857143,1,0.14814814814814814
2025-09-30,S007,West,P0002,Beverages,3.16,0,0,0,48,48,1,9,38.0,40.0,,,53.285714285714285,1,-0.15053763440860213
2025-10-20,S007,West,P0002,Beverages,2.97,1,0,0,92,96,0,10,48.0,54.0,,,54.42857142857143,0,-0.060126582278481
2025-11-09,S007,West,P0002,Beverages,2.69,1,0,1,89,89,1,11,92.0,69.0,,,59.857142857142854,6,-0.0942760942760944
2025-12-13,S007,West,P0002,Beverages,3.61,0,0,1,51,59,0,12,89.0,44.0,,,62.714285714285715,5,0.3420074349442379
2025-02-18,S007,West,P0456,Snacks,2.14,0,1,0,87,87,1,2,,,,,,1,
2025-05-29,S007,West,P0456,Snacks,1.82,0,0,0,80,100,0,5,87.0,,,,,3,-0.14953271028037385
2025-06-22,S007,West,P0456,Snacks,1.79,1,0,1,166,166,0,6,80.0,,,,,6,-0.016483516483516536
2025-08-02,S007,West,P0456,Snacks,1.93,0,1,1,113,113,1,8,166.0,,,,,5,0.07821229050279332
2025-08-03,S007,West,P0456,Snacks,1.86,0,0,1,87,108,0,8,113.0,,,,,6,-0.03626943005181338
2025-09-03,S007,West,P0456,Snacks,2.18,0,0,0,65,65,1,9,87.0,,,,,2,0.17204301075268824
2025-09-06,S007,West,P0456,Snacks,1.8,1,0,1,172,204,0,9,65.0,,,,,5,-0.17431192660550465
2025-09-21,S007,West,P0456,Snacks,1.82,0,0,1,85,100,0,9,172.0,87.0,,,110.0,6,0.011111111111111072
2025-09-30,S007,West,P0456,Snacks,2.08,0,0,0,74,92,0,9,85.0,80.0,,,109.71428571428571,1,0.1428571428571428
2025-10-19,S007,West,P0456,Snacks,2.01,0,0,1,111,111,1,10,74.0,166.0,,,108.85714285714286,6,-0.033653846153846256
2025-10-23,S007,West,P0456,Snacks,1.82,0,0,0,66,66,1,10,111.0,113.0,,,101.0,3,-0.0945273631840795
2025-10-27,S007,West,P0456,Snacks,1.84,0,0,0,90,91,0,10,66.0,87.0,,,94.28571428571429,0,0.01098901098901095
2025-10-31,S007,West,P0456,Snacks,2.0,0,0,0,83,85,0,10,90.0,65.0,,,94.71428571428571,4,0.08695652173913038
2025-12-16,S007,West,P0456,Snacks,1.59,1,0,0,143,156,0,12,83.0,172.0,,,97.28571428571429,1,-0.20499999999999996
2025-01-09,S007,West,P0457,Snacks,1.97,0,0,0,90,102,0,1,,,,,,3,
2025-02-02,S007,West,P0457,Snacks,1.95,0,0,1,87,87,1,2,90.0,,,,,6,-0.010152284263959421
2025-02-14,S007,West,P0457,Snacks,1.86,0,0,0,77,77,1,2,87.0,,,,,4,-0.0461538461538461
2025-02-22,S007,West,P0457,Snacks,2.18,0,0,1,78,78,1,2,77.0,,,,,5,0.17204301075268824
2025-03-22,S007,West,P0457,Snacks,1.55,1,0,1,155,196,0,3,78.0,,,,,5,-0.28899082568807344
2025-03-25,S007,West,P0457,Snacks,1.82,0,0,0,94,94,1,3,155.0,,,,,1,0.17419354838709689
2025-04-01,S007,West,P0457,Snacks,1.88,0,0,0,74,78,0,4,94.0,,,,,1,0.03296703296703285
2025-04-07,S007,West,P0457,Snacks,2.06,0,0,0,73,84,0,4,74.0,90.0,,,93.57142857142857,0,0.09574468085106402
2025-04-19,S007,West,P0457,Snacks,1.69,1,0,1,143,143,1,4,73.0,87.0,,,91.14285714285714,5,-0.17961165048543692
2025-04-22,S007,West,P0457,Snacks,1.76,1,0,0,99,99,1,4,143.0,77.0,,,99.14285714285714,1,0.041420118343195256
2025-05-08,S007,West,P0457,Snacks,2.06,0,0,0,72,76,0,5,99.0,78.0,,,102.28571428571429,3,0.17045454545454541
2025-05-18,S007,West,P0457,Snacks,2.18,0,0,1,79,79,1,5,72.0,155.0,,,101.42857142857143,6,0.058252427184465994
2025-05-21,S007,West,P0457,Snacks,1.83,0,0,0,86,105,0,5,79.0,94.0,,,90.57142857142857,2,-0.16055045871559637
2025-05-22,S007,West,P0457,Snacks,1.86,0,0,0,54,54,1,5,86.0,74.0,,,89.42857142857143,3,0.016393442622950838
2025-05-31,S007,West,P0457,Snacks,2.17,0,0,1,125,153,0,5,54.0,73.0,90.0,,86.57142857142857,5,0.16666666666666652
2025-06-06,S007,West,P0457,Snacks,2.19,0,0,0,65,65,1,6,125.0,143.0,87.0,,94.0,4,0.009216589861751112
2025-06-08,S007,West,P0457,Snacks,1.67,1,0,1,138,159,0,6,65.0,99.0,77.0,,82.85714285714286,6,-0.2374429223744292
2025-06-17,S007,West,P0457,Snacks,1.97,0,0,0,85,110,0,6,138.0,72.0,78.0,,88.42857142857143,1,0.17964071856287434
2025-06-17,S007,West,P0457,Snacks,1.79,1,1,0,166,211,0,6,85.0,79.0,155.0,,90.28571428571429,1,-0.09137055837563446
2025-06-19,S007,West,P0457,Snacks,2.15,0,0,0,75,75,0,6,166.0,86.0,94.0,,102.71428571428571,3,0.2011173184357542
2025-06-25,S007,West,P0457,Snacks,1.99,0,0,0,73,90,0,6,75.0,54.0,74.0,,101.14285714285714,2,-0.07441860465116279
2025-07-19,S007,West,P0457,Snacks,1.82,0,0,1,109,138,0,7,73.0,125.0,73.0,,103.85714285714286,5,-0.08542713567839189
2025-07-20,S007,West,P0457,Snacks,2.01,0,0,1,125,139,0,7,109.0,65.0,143.0,,101.57142857142857,6,0.10439560439560425
2025-08-17,S007,West,P0457,Snacks,1.56,1,0,1,155,177,0,8,125.0,138.0,99.0,,110.14285714285714,6,-0.22388059701492524
2025-09-25,S007,West,P0457,Snacks,2.19,0,0,0,70,70,1,9,155.0,85.0,72.0,,112.57142857142857,3,0.40384615384615374
2025-10-02,S007,West,P0457,Snacks,1.81,0,0,0,75,77,0,10,70.0,166.0,79.0,,110.42857142857143,3,-0.1735159817351598
2025-10-29,S007,West,P0457,Snacks,1.82,1,0,0,80,80,1,10,75.0,75.0,86.0,,97.42857142857143,2,0.005524861878453136
2025-11-01,S007,West,P0457,Snacks,1.54,1,0,1,91,91,1,11,80.0,73.0,54.0,,98.14285714285714,5,-0.15384615384615385
2025-11-10,S007,West,P0457,Snacks,2.18,0,0,0,73,83,0,11,91.0,109.0,125.0,90.0,100.71428571428571,0,0.4155844155844157
2025-11-23,S007,West,P0457,Snacks,2.19,0,0,1,74,74,1,11,73.0,125.0,65.0,87.0,95.57142857142857,6,0.004587155963302614
2025-11-26,S007,West,P0457,Snacks,2.04,0,0,0,77,80,0,11,74.0,155.0,138.0,77.0,88.28571428571429,2,-0.06849315068493145
2025-11-27,S007,West,P0457,Snacks,1.98,0,0,0,64,64,1,11,77.0,70.0,85.0,78.0,77.14285714285714,3,-0.02941176470588236
2025-12-31,S007,West,P0457,Snacks,1.95,0,0,0,102,124,0,12,64.0,75.0,166.0,155.0,76.28571428571429,2,-0.015151515151515138
2025-01-16,S007,West,P0789,Dairy,3.85,1,0,0,46,46,1,1,,,,,,3,
2025-01-23,S007,West,P0789,Dairy,3.75,1,1,0,67,67,1,1,46.0,,,,,3,-0.025974025974025983
2025-03-10,S007,West,P0789,Dairy,3.72,1,0,0,55,55,1,3,67.0,,,,,0,-0.007999999999999896
2025-03-30,S007,West,P0789,Dairy,3.91,0,0,1,52,55,0,3,55.0,,,,,6,0.051075268817204256
2025-03-30,S007,West,P0789,Dairy,4.48,0,0,1,36,36,1,3,52.0,,,,,6,0.14578005115089532
2025-04-09,S007,West,P0789,Dairy,4.39,0,0,0,40,41,0,4,36.0,,,,,2,-0.02008928571428592
2025-04-10,S007,West,P0789,Dairy,3.89,0,0,0,30,30,0,4,40.0,,,,,3,-0.11389521640091105
2025-04-18,S007,West,P0789,Dairy,4.6,0,0,0,23,23,1,4,30.0,46.0,,,46.57142857142857,4,0.18251928020565544
2025-04-25,S007,West,P0789,Dairy,4.44,0,0,0,45,57,0,4,23.0,67.0,,,43.285714285714285,4,-0.03478260869565197
2025-04-29,S007,West,P0789,Dairy,3.51,1,1,0,64,64,1,4,45.0,55.0,,,40.142857142857146,1,-0.20945945945945954
2025-05-05,S007,West,P0789,Dairy,4.55,0,0,0,49,58,0,5,64.0,52.0,,,41.42857142857143,0,0.2962962962962963
2025-05-11,S007,West,P0789,Dairy,4.57,0,0,1,43,43,1,5,49.0,36.0,,,41.0,6,0.004395604395604602
2025-05-24,S007,West,P0789,Dairy,4.22,0,0,1,35,35,1,5,43.0,40.0,,,42.0,5,-0.07658643326039394
2025-05-28,S007,West,P0789,Dairy,3.47,1,0,0,53,58,0,5,35.0,30.0,,,41.285714285714285,2,-0.17772511848341221
2025-06-10,S007,West,P0789,Dairy,3.54,1,0,0,56,61,0,6,53.0,23.0,46.0,,44.57142857142857,1,0.020172910662824117
2025-07-21,S007,West,P0789,Dairy,4.19,0,0,0,33,33,1,7,56.0,45.0,67.0,,49.285714285714285,0,0.18361581920903958
2025-09-22,S007,West,P0789,Dairy,3.98,0,0,0,31,31,1,9,33.0,64.0,55.0,,47.57142857142857,0,-0.05011933174224348
2025-09-30,S007,West,P0789,Dairy,3.92,0,0,0,35,35,0,9,31.0,49.0,52.0,,42.857142857142854,1,-0.015075376884422176
2025-10-15,S007,West,P0789,Dairy,4.44,0,0,0,46,55,0,10,35.0,43.0,36.0,,40.857142857142854,2,0.13265306122448983
2025-12-12,S007,West,P0789,Dairy,4.03,0,0,0,34,34,1,12,46.0,35.0,40.0,,41.285714285714285,4,-0.0923423423423424
2025-12-27,S007,West,P0789,Dairy,4.01,0,0,1,40,40,1,12,34.0,53.0,30.0,,41.142857142857146,5,-0.004962779156327701
2025-01-15,S007,West,P0790,Dairy,3.97,0,0,0,32,32,1,1,,,,,,2,
2025-02-03,S007,West,P0790,Dairy,3.69,1,0,0,76,76,1,2,32.0,,,,,0,-0.07052896725440816
2025-02-03,S007,West,P0790,Dairy,3.88,0,0,0,35,35,1,2,76.0,,,,,0,0.051490514905149
2025-02-27,S007,West,P0790,Dairy,4.52,0,1,0,38,38,1,2,35.0,,,,,3,0.16494845360824728
2025-03-16,S007,West,P0790,Dairy,3.82,0,0,1,45,45,1,3,38.0,,,,,6,-0.15486725663716805
2025-04-09,S007,West,P0790,Dairy,3.5,1,0,0,48,48,1,4,45.0,,,,,2,-0.08376963350785338
2025-04-22,S007,West,P0790,Dairy,4.61,0,0,0,34,37,0,4,48.0,,,,,1,0.31714285714285717
2025-04-27,S007,West,P0790,Dairy,3.56,1,0,1,56,56,1,4,34.0,32.0,,,44.0,6,-0.22776572668112804
2025-06-03,S007,West,P0790,Dairy,4.06,0,0,0,54,58,0,6,56.0,76.0,,,47.42857142857143,1,0.14044943820224698
2025-06-21,S007,West,P0790,Dairy,3.73,1,0,1,69,88,0,6,54.0,35.0,,,44.285714285714285,5,-0.08128078817733986
2025-07-21,S007,West,P0790,Dairy,3.96,0,0,0,31,31,1,7,69.0,38.0,,,49.142857142857146,0,0.06166219839142095
2025-08-03,S007,West,P0790,Dairy,4.07,0,0,1,41,41,1,8,31.0,45.0,,,48.142857142857146,6,0.0277777777777779
2025-08-17,S007,West,P0790,Dairy,4.15,0,0,1,45,45,1,8,41.0,48.0,,,47.57142857142857,6,0.019656019656019597
2025-09-12,S007,West,P0790,Dairy,4.45,0,0,0,28,28,1,9,45.0,34.0,,,47.142857142857146,4,0.07228915662650603
2025-09-24,S007,West,P0790,Dairy,3.91,1,0,0,61,61,1,9,28.0,56.0,32.0,,46.285714285714285,2,-0.12134831460674156
2025-10-30,S007,West,P0790,Dairy,4.12,0,0,0,35,39,0,10,61.0,54.0,76.0,,47.0,3,0.053708439897698135
2025-11-14,S007,West,P0790,Dairy,4.25,0,0,0,39,49,0,11,35.0,69.0,35.0,,44.285714285714285,4,0.0315533980582523
2025-12-04,S007,West,P0790,Dairy,4.26,0,0,0,34,34,1,12,39.0,31.0,38.0,,40.0,3,0.0023529411764704466
2025-12-08,S007,West,P0790,Dairy,3.38,1,0,0,53,53,1,12,34.0,41.0,45.0,,40.42857142857143,0,-0.20657276995305163
2025-12-18,S007,West,P0790,Dairy,3.79,0,0,0,22,22,1,12,53.0,45.0,48.0,,42.142857142857146,3,0.12130177514792906
2025-01-14,S007,West,P0912,Personal Care,6.09,0,0,0,17,17,1,1,,,,,,1,
2025-03-04,S007,West,P0912,Personal Care,6.87,0,0,0,32,32,1,3,17.0,,,,,1,0.1280788177339902
2025-03-19,S007,West,P0912,Personal Care,5.75,1,0,0,26,26,1,3,32.0,,,,,2,-0.1630276564774381
2025-04-08,S007,West,P0912,Personal Care,6.21,0,0,0,14,14,1,4,26.0,,,,,1,0.08000000000000007
2025-05-31,S007,West,P0912,Personal Care,5.47,1,0,1,57,68,0,5,14.0,,,,,5,-0.11916264090177142
2025-06-26,S007,West,P0912,Personal Care,5.92,0,0,0,28,30,0,6,57.0,,,,,3,0.0822669104204754
2025-07-08,S007,West,P0912,Personal Care,6.36,0,0,0,21,21,1,7,28.0,,,,,1,0.07432432432432434
2025-07-10,S007,West,P0912,Personal Care,6.05,0,1,0,29,29,1,7,21.0,17.0,,,27.857142857142858,3,-0.04874213836477992
2025-07-17,S007,West,P0912,Personal Care,5.33,1,0,0,39,49,0,7,29.0,32.0,,,29.571428571428573,3,-0.11900826446280988
2025-08-22,S007,West,P0912,Personal Care,6.42,0,0,0,35,37,0,8,39.0,26.0,,,30.571428571428573,4,0.2045028142589118
2025-08-29,S007,West,P0912,Personal Care,5.22,1,1,0,38,38,1,8,35.0,14.0,,,31.857142857142858,4,-0.1869158878504673
2025-09-11,S007,West,P0912,Personal Care,5.35,1,0,0,39,44,0,9,38.0,57.0,,,35.285714285714285,3,0.02490421455938696
2025-09-18,S007,West,P0912,Personal Care,5.87,1,0,0,49,58,0,9,39.0,28.0,,,32.714285714285715,3,0.09719626168224305
2025-09-21,S007,West,P0912,Personal Care,6.99,0,0,1,41,41,1,9,49.0,21.0,,,35.714285714285715,6,0.19080068143100504
2025-10-10,S007,West,P0912,Personal Care,5.19,1,0,0,45,57,0,10,41.0,29.0,17.0,,38.57142857142857,4,-0.2575107296137339
2025-11-19,S007,West,P0912,Personal Care,6.71,0,0,0,20,20,1,11,45.0,39.0,32.0,,40.857142857142854,2,0.2928709055876686
2025-11-22,S007,West,P0912,Personal Care,5.37,1,0,1,30,30,1,11,20.0,35.0,26.0,,38.142857142857146,5,-0.19970193740685538
2025-01-01,S007,West,P0913,Personal Care,7.02,0,0,0,15,18,0,1,,,,,,2,
2025-01-12,S007,West,P0913,Personal Care,5.71,1,0,1,37,37,1,1,15.0,,,,,6,-0.18660968660968658
2025-01-14,S007,West,P0913,Personal Care,6.17,0,0,0,34,42,0,1,37.0,,,,,1,0.08056042031523636
2025-02-05,S007,West,P0913,Personal Care,6.21,0,0,0,20,24,0,2,34.0,,,,,2,0.006482982171799101
2025-03-29,S007,West,P0913,Personal Care,6.18,0,0,1,30,31,0,3,20.0,,,,,5,-0.004830917874396157
2025-04-13,S007,West,P0913,Personal Care,6.43,0,0,1,33,42,0,4,30.0,,,,,6,0.040453074433656866
2025-04-23,S007,West,P0913,Personal Care,6.6,0,0,0,19,19,0,4,33.0,,,,,2,0.026438569206842955
2025-05-03,S007,West,P0913,Personal Care,5.31,1,0,1,47,53,0,5,19.0,15.0,,,26.857142857142858,5,-0.19545454545454544
2025-05-09,S007,West,P0913,Personal Care,6.98,0,0,0,17,20,0,5,47.0,37.0,,,31.428571428571427,4,0.31450094161958586
2025-05-13,S007,West,P0913,Personal Care,6.29,0,0,0,21,21,1,5,17.0,34.0,,,28.571428571428573,1,-0.09885386819484243
2025-05-24,S007,West,P0913,Personal Care,5.42,1,0,1,47,47,1,5,21.0,20.0,,,26.714285714285715,5,-0.13831478537360897
2025-06-09,S007,West,P0913,Personal Care,5.96,0,0,0,19,19,1,6,47.0,30.0,,,30.571428571428573,0,0.09963099630996308
2025-06-14,S007,West,P0913,Personal Care,6.95,0,0,1,27,28,0,6,19.0,33.0,,,29.0,5,0.16610738255033564
2025-08-02,S007,West,P0913,Personal Care,6.26,0,0,1,35,39,0,8,27.0,19.0,,,28.142857142857142,5,-0.09928057553956837
2025-08-30,S007,West,P0913,Personal Care,6.04,0,0,1,31,40,0,8,35.0,47.0,15.0,,30.428571428571427,5,-0.03514376996805113
2025-10-11,S007,West,P0913,Personal Care,5.92,0,0,1,26,26,1,10,31.0,17.0,37.0,,28.142857142857142,5,-0.019867549668874163
2025-10-30,S007,West,P0913,Personal Care,6.54,0,0,0,22,27,0,10,26.0,21.0,34.0,,29.428571428571427,3,0.10472972972972983
2025-11-01,S007,West,P0913,Personal Care,6.24,0,0,1,32,37,0,11,22.0,47.0,20.0,,29.571428571428573,5,-0.04587155963302747
2025-12-02,S007,West,P0913,Personal Care,5.85,1,0,0,40,40,1,12,32.0,19.0,30.0,,27.428571428571427,1,-0.06250000000000011
2025-01-08,S008,West,P0001,Beverages,2.92,1,0,0,59,59,1,1,,,,,,2,
2025-01-12,S008,West,P0001,Beverages,3.63,0,1,1,95,104,0,1,59.0,,,,,6,0.24315068493150682
2025-02-28,S008,West,P0001,Beverages,3.68,0,0,0,50,53,0,2,95.0,,,,,4,0.01377410468319562
2025-03-31,S008,West,P0001,Beverages,3.35,0,0,0,33,33,1,3,50.0,,,,,0,-0.08967391304347827
2025-04-11,S008,West,P0001,Beverages,2.73,1,0,0,73,78,0,4,33.0,,,,,4,-0.18507462686567167
2025-04-22,S008,West,P0001,Beverages,3.58,0,0,0,57,64,0,4,73.0,,,,,1,0.31135531135531136
2025-04-24,S008,West,P0001,Beverages,3.34,0,0,0,46,51,0,4,57.0,,,,,3,-0.06703910614525144
2025-04-26,S008,West,P0001,Beverages,3.78,0,0,1,74,94,0,4,46.0,59.0,,,59.0,5,0.1317365269461077
2025-05-06,S008,West,P0001,Beverages,3.15,0,0,0,44,44,1,5,74.0,95.0,,,61.142857142857146,1,-0.16666666666666663
2025-06-17,S008,West,P0001,Beverages,3.35,0,0,0,44,47,0,6,44.0,50.0,,,53.857142857142854,1,0.06349206349206349
2025-09-27,S008,West,P0001,Beverages,3.42,0,0,1,61,75,0,9,44.0,33.0,,,53.0,5,0.020895522388059584
2025-09-28,S008,West,P0001,Beverages,3.22,0,0,1,45,45,1,9,61.0,73.0,,,57.0,6,-0.058479532163742576
2025-10-18,S008,West,P0001,Beverages,3.34,0,1,1,90,102,0,10,45.0,57.0,,,53.0,5,0.03726708074534146
2025-11-03,S008,West,P0001,Beverages,3.4,0,0,0,59,62,0,11,90.0,46.0,,,57.714285714285715,0,0.017964071856287456
2025-11-07,S008,West,P0001,Beverages,3.54,0,0,0,39,43,0,11,59.0,74.0,59.0,,59.57142857142857,4,0.04117647058823537
2025-11-07,S008,West,P0001,Beverages,3.29,0,0,0,43,51,0,11,39.0,44.0,95.0,,54.57142857142857,4,-0.07062146892655363
2025-01-19,S008,West,P0002,Beverages,3.7,0,0,1,56,56,1,1,,,,,,6,
2025-01-25,S008,West,P0002,Beverages,3.67,0,0,1,56,56,1,1,56.0,,,,,5,-0.008108108108108136
2025-01-27,S008,West,P0002,Beverages,3.67,0,0,0,48,48,1,1,56.0,,,,,0,0.0
2025-02-08,S008,West,P0002,Beverages,3.77,0,0,1,48,48,1,2,48.0,,,,,5,0.027247956403269713
2025-03-04,S008,West,P0002,Beverages,3.03,1,0,0,63,70,0,3,48.0,,,,,1,-0.19628647214854122
2025-04-27,S008,West,P0002,Beverages,3.38,0,0,1,65,65,0,4,63.0,,,,,6,0.11551155115511547
2025-05-07,S008,West,P0002,Beverages,2.78,1,0,0,87,87,1,5,65.0,,,,,2,-0.1775147928994083
2025-05-12,S008,West,P0002,Beverages,3.79,0,0,0,44,44,1,5,87.0,56.0,,,60.42857142857143,0,0.3633093525179858
2025-05-24,S008,West,P0002,Beverages,3.55,0,0,1,53,53,1,5,44.0,56.0,,,58.714285714285715,5,-0.0633245382585752
2025-06-07,S008,West,P0002,Beverages,3.33,0,0,1,60,76,0,6,53.0,48.0,,,58.285714285714285,5,-0.06197183098591541
2025-06-14,S008,West,P0002,Beverages,3.58,0,0,1,57,57,1,6,60.0,48.0,,,60.0,5,0.07507507507507505
2025-09-01,S008,West,P0002,Beverages,3.42,0,0,0,38,40,0,9,57.0,63.0,,,61.285714285714285,0,-0.04469273743016766
2025-09-04,S008,West,P0002,Beverages,2.92,1,0,0,90,98,0,9,38.0,65.0,,,57.714285714285715,3,-0.14619883040935677
2025-10-09,S008,West,P0002,Beverages,3.3,0,0,0,47,47,1,10,90.0,87.0,,,61.285714285714285,3,0.13013698630136994
2025-10-15,S008,West,P0002,Beverages,3.63,0,0,0,38,38,1,10,47.0,44.0,56.0,,55.57142857142857,2,0.10000000000000009
2025-10-31,S008,West,P0002,Beverages,3.65,0,0,0,55,61,0,10,38.0,53.0,56.0,,54.714285714285715,4,0.005509641873278293
2025-11-11,S008,West,P0002,Beverages,3.47,0,0,0,51,53,0,11,55.0,60.0,48.0,,55.0,1,-0.04931506849315059
2025-01-06,S008,West,P0456,Snacks,1.69,1,0,0,134,172,0,1,,,,,,0,
2025-03-19,S008,West,P0456,Snacks,2.19,0,0,0,97,107,0,3,134.0,,,,,2,0.29585798816568043
2025-04-07,S008,West,P0456,Snacks,2.09,0,0,0,71,71,1,4,97.0,,,,,0,-0.045662100456621
2025-04-23,S008,West,P0456,Snacks,1.96,0,0,0,65,65,1,4,71.0,,,,,2,-0.062200956937799035
2025-04-27,S008,West,P0456,Snacks,2.14,0,0,1,91,104,0,4,65.0,,,,,6,0.09183673469387754
2025-05-02,S008,West,P0456,Snacks,1.9,0,1,0,90,90,1,5,91.0,,,,,4,-0.1121495327102805
2025-06-13,S008,West,P0456,Snacks,1.89,0,0,0,72,72,0,6,90.0,,,,,4,-0.0052631578947368585
2025-07-11,S008,West,P0456,Snacks,1.83,0,0,0,66,73,0,7,72.0,134.0,,,88.57142857142857,4,-0.03174603174603163
2025-07-31,S008,West,P0456,Snacks,1.92,0,0,0,62,62,1,7,66.0,97.0,,,78.85714285714286,3,0.04918032786885229
2025-08-02,S008,West,P0456,Snacks,1.56,1,0,1,160,193,0,8,62.0,71.0,,,73.85714285714286,5,-0.1874999999999999
2025-08-06,S008,West,P0456,Snacks,1.96,0,0,0,58,58,1,8,160.0,65.0,,,86.57142857142857,2,0.2564102564102564
2025-08-20,S008,West,P0456,Snacks,2.02,0,0,0,74,74,1,8,58.0,91.0,,,85.57142857142857,2,0.030612244897959107
2025-08-21,S008,West,P0456,Snacks,1.83,1,0,0,100,100,1,8,74.0,90.0,,,83.14285714285714,3,-0.09405940594059403
2025-08-25,S008,West,P0456,Snacks,2.13,0,0,0,76,76,1,8,100.0,72.0,,,84.57142857142857,0,0.16393442622950816
2025-09-06,S008,West,P0456,Snacks,2.05,0,0,1,84,84,1,9,76.0,66.0,134.0,,85.14285714285714,5,-0.03755868544600938
2025-10-13,S008,West,P0456,Snacks,1.53,1,0,0,139,172,0,10,84.0,62.0,97.0,,87.71428571428571,0,-0.25365853658536575
2025-11-24,S008,West,P0456,Snacks,1.91,0,0,0,70,70,1,11,139.0,160.0,71.0,,98.71428571428571,0,0.24836601307189543
2025-12-31,S008,West,P0456,Snacks,1.71,1,0,0,135,135,1,12,70.0,58.0,65.0,,85.85714285714286,2,-0.10471204188481675
2025-01-14,S008,West,P0457,Snacks,1.81,1,0,0,95,95,1,1,,,,,,1,
2025-02-11,S008,West,P0457,Snacks,1.93,0,0,0,87,94,0,2,95.0,,,,,1,0.0662983425414363
2025-03-26,S008,West,P0457,Snacks,1.94,0,0,0,88,113,0,3,87.0,,,,,2,0.005181347150259086
2025-05-24,S008,West,P0457,Snacks,1.78,1,0,1,139,150,0,5,88.0,,,,,5,-0.08247422680412364
2025-05-29,S008,West,P0457,Snacks,1.78,1,0,0,119,124,0,5,139.0,,,,,3,0.0
2025-06-10,S008,West,P0457,Snacks,1.78,1,0,0,90,90,1,6,119.0,,,,,1,0.0
2025-06-12,S008,West,P0457,Snacks,2.01,0,1,0,112,140,0,6,90.0,,,,,3,0.12921348314606718
2025-06-13,S008,West,P0457,Snacks,1.82,0,0,0,63,63,0,6,112.0,95.0,,,104.28571428571429,4,-0.0945273631840795
2025-06-14,S008,West,P0457,Snacks,2.17,0,0,1,84,88,0,6,63.0,87.0,,,99.71428571428571,5,0.1923076923076923
2025-07-11,S008,West,P0457,Snacks,2.05,0,0,0,52,52,1,7,84.0,88.0,,,99.28571428571429,4,-0.055299539170507006
2025-07-11,S008,West,P0457,Snacks,1.83,0,0,0,85,85,1,7,52.0,139.0,,,94.14285714285714,4,-0.10731707317073158
2025-07-20,S008,West,P0457,Snacks,2.14,0,0,1,102,102,1,7,85.0,119.0,,,86.42857142857143,6,0.1693989071038251
2025-07-28,S008,West,P0457,Snacks,1.9,0,0,0,71,71,1,7,102.0,90.0,,,84.0,0,-0.1121495327102805
2025-08-10,S008,West,P0457,Snacks,1.85,0,0,1,89,89,1,8,71.0,112.0,,,81.28571428571429,6,-0.02631578947368407
2025-08-18,S008,West,P0457,Snacks,1.84,0,0,0,54,54,1,8,89.0,63.0,95.0,,78.0,0,-0.005405405405405461
2025-09-14,S008,West,P0457,Snacks,2.04,0,0,1,105,132,0,9,54.0,84.0,87.0,,76.71428571428571,6,0.10869565217391308
2025-09-17,S008,West,P0457,Snacks,1.63,1,0,0,116,116,1,9,105.0,52.0,88.0,,79.71428571428571,2,-0.2009803921568628
2025-10-11,S008,West,P0457,Snacks,2.12,0,0,1,113,137,0,10,116.0,85.0,139.0,,88.85714285714286,5,0.3006134969325154
2025-10-16,S008,West,P0457,Snacks,2.18,0,0,0,86,97,0,10,113.0,102.0,119.0,,92.85714285714286,3,0.028301886792452935
2025-10-22,S008,West,P0457,Snacks,2.0,0,0,0,83,83,1,10,86.0,71.0,90.0,,90.57142857142857,2,-0.0825688073394496
2025-10-23,S008,West,P0457,Snacks,1.83,0,0,0,63,63,1,10,83.0,89.0,112.0,,92.28571428571429,3,-0.08499999999999996
2025-11-21,S008,West,P0457,Snacks,1.95,0,0,0,69,84,0,11,63.0,54.0,63.0,,88.57142857142857,4,0.06557377049180313
2025-12-21,S008,West,P0457,Snacks,1.91,0,0,1,87,87,1,12,69.0,105.0,84.0,,90.71428571428571,6,-0.02051282051282055
2025-12-25,S008,West,P0457,Snacks,2.08,0,0,0,64,64,1,12,87.0,116.0,52.0,,88.14285714285714,3,0.08900523560209428
2025-01-04,S008,West,P0789,Dairy,3.76,1,0,1,69,69,1,1,,,,,,5,
2025-01-08,S008,West,P0789,Dairy,4.2,0,0,0,34,34,1,1,69.0,,,,,2,0.1170212765957448
2025-02-22,S008,West,P0789,Dairy,3.84,0,0,1,45,45,1,2,34.0,,,,,5,-0.08571428571428574
2025-03-27,S008,West,P0789,Dairy,4.21,0,0,0,45,54,0,3,45.0,,,,,3,0.09635416666666674
2025-04-05,S008,West,P0789,Dairy,4.44,0,0,1,33,33,1,4,45.0,,,,,5,0.05463182897862251
2025-05-08,S008,West,P0789,Dairy,3.8,0,0,0,27,28,0,5,33.0,,,,,3,-0.14414414414414423
2025-05-10,S008,West,P0789,Dairy,4.56,0,0,1,48,48,1,5,27.0,,,,,5,0.19999999999999996
2025-07-16,S008,West,P0789,Dairy,3.89,1,0,0,59,59,1,7,48.0,69.0,,,43.0,2,-0.14692982456140335
2025-08-04,S008,West,P0789,Dairy,4.33,0,0,0,38,38,1,8,59.0,34.0,,,41.57142857142857,0,0.11311053984575836
2025-08-13,S008,West,P0789,Dairy,4.41,0,0,0,31,36,0,8,38.0,45.0,,,42.142857142857146,2,0.018475750577367167
2025-08-31,S008,West,P0789,Dairy,4.34,0,0,1,50,60,0,8,31.0,45.0,,,40.142857142857146,6,-0.015873015873015928
2025-09-28,S008,West,P0789,Dairy,3.74,1,0,1,67,67,1,9,50.0,33.0,,,40.857142857142854,6,-0.13824884792626724
2025-01-01,S008,West,P0790,Dairy,3.96,0,0,0,40,40,0,1,,,,,,2,
2025-02-07,S008,West,P0790,Dairy,4.5,0,0,0,36,41,0,2,40.0,,,,,4,0.13636363636363646
2025-02-23,S008,West,P0790,Dairy,4.37,0,0,1,26,26,1,2,36.0,,,,,6,-0.028888888888888853
2025-03-03,S008,West,P0790,Dairy,3.99,0,0,0,42,50,0,3,26.0,,,,,0,-0.08695652173913038
2025-03-07,S008,West,P0790,Dairy,3.99,0,0,0,37,37,1,3,42.0,,,,,4,0.0
2025-04-19,S008,West,P0790,Dairy,4.17,0,0,1,43,43,1,4,37.0,,,,,5,0.045112781954887105
2025-04-28,S008,West,P0790,Dairy,3.92,0,0,0,36,36,1,4,43.0,,,,,0,-0.05995203836930452
2025-05-24,S008,West,P0790,Dairy,4.45,0,0,1,40,40,1,5,36.0,40.0,,,37.142857142857146,5,0.13520408163265318
2025-06-22,S008,West,P0790,Dairy,3.39,1,1,1,98,98,1,6,40.0,36.0,,,37.142857142857146,6,-0.23820224719101124
2025-06-27,S008,West,P0790,Dairy,4.33,0,0,0,30,30,1,6,98.0,26.0,,,46.0,4,0.27728613569321525
2025-09-04,S008,West,P0790,Dairy,4.36,0,0,0,47,54,0,9,30.0,42.0,,,46.57142857142857,3,0.006928406466512715
2025-10-11,S008,West,P0790,Dairy,4.28,0,0,1,39,39,1,10,47.0,37.0,,,47.285714285714285,5,-0.01834862385321101
2025-10-18,S008,West,P0790,Dairy,4.34,0,0,1,50,50,1,10,39.0,43.0,,,47.57142857142857,5,0.014018691588784993
2025-10-20,S008,West,P0790,Dairy,3.77,1,0,0,52,52,1,10,50.0,36.0,,,48.57142857142857,0,-0.13133640552995385
2025-11-23,S008,West,P0790,Dairy,4.04,0,0,1,65,75,0,11,52.0,40.0,40.0,,50.857142857142854,6,0.07161803713527859
2025-12-03,S008,West,P0790,Dairy,4.52,0,0,0,34,34,1,12,65.0,98.0,36.0,,54.42857142857143,2,0.1188118811881187
2025-12-12,S008,West,P0790,Dairy,4.01,0,0,0,33,41,0,12,34.0,30.0,26.0,,45.285714285714285,4,-0.11283185840707965
2025-12-15,S008,West,P0790,Dairy,3.82,0,0,0,29,29,1,12,33.0,47.0,42.0,,45.714285714285715,0,-0.04738154613466328
2025-12-22,S008,West,P0790,Dairy,3.79,0,0,0,37,37,1,12,29.0,39.0,37.0,,43.142857142857146,0,-0.007853403141361182
2025-12-30,S008,West,P0790,Dairy,3.37,1,0,0,58,58,1,12,37.0,50.0,43.0,,42.857142857142854,1,-0.1108179419525066
2025-03-22,S008,West,P0912,Personal Care,5.92,0,0,1,22,25,0,3,,,,,,5,
2025-03-26,S008,West,P0912,Personal Care,6.77,0,0,0,26,26,1,3,22.0,,,,,2,0.14358108108108092
2025-09-11,S008,West,P0912,Personal Care,7.07,0,0,0,28,29,0,9,26.0,,,,,3,0.04431314623338278
2025-09-21,S008,West,P0912,Personal Care,6.42,0,0,1,29,29,1,9,28.0,,,,,6,-0.091937765205092
2025-10-12,S008,West,P0912,Personal Care,6.08,0,0,1,34,41,0,10,29.0,,,,,6,-0.052959501557632405
2025-10-13,S008,West,P0912,Personal Care,5.79,1,0,0,49,54,0,10,34.0,,,,,0,-0.047697368421052655
2025-10-20,S008,West,P0912,Personal Care,6.19,0,0,0,18,18,1,10,49.0,,,,,0,0.069084628670121
2025-11-01,S008,West,P0912,Personal Care,6.59,0,0,1,31,31,1,11,18.0,22.0,,,29.428571428571427,5,0.06462035541195466
2025-11-17,S008,West,P0912,Personal Care,7.08,0,0,0,21,24,0,11,31.0,26.0,,,30.714285714285715,0,0.0743550834597877
2025-12-12,S008,West,P0912,Personal Care,6.59,0,0,0,14,14,1,12,21.0,28.0,,,30.0,4,-0.0692090395480226
2025-12-14,S008,West,P0912,Personal Care,7.12,0,0,1,31,35,0,12,14.0,29.0,,,28.0,6,0.08042488619119892
2025-12-30,S008,West,P0912,Personal Care,6.17,0,0,0,20,20,0,12,31.0,34.0,,,28.285714285714285,1,-0.1334269662921349
2025-01-07,S008,West,P0913,Personal Care,5.56,1,0,0,49,58,0,1,,,,,,1,
2025-01-14,S008,West,P0913,Personal Care,6.91,0,0,0,18,18,0,1,49.0,,,,,1,0.2428057553956835
2025-02-08,S008,West,P0913,Personal Care,6.41,0,0,1,29,33,0,2,18.0,,,,,5,-0.0723589001447178
2025-03-11,S008,West,P0913,Personal Care,6.83,0,0,0,30,30,1,3,29.0,,,,,1,0.06552262090483607
2025-03-24,S008,West,P0913,Personal Care,7.0,0,0,0,14,14,1,3,30.0,,,,,0,0.02489019033674955
2025-04-08,S008,West,P0913,Personal Care,6.79,0,0,0,28,33,0,4,14.0,,,,,1,-0.030000000000000027
2025-05-01,S008,West,P0913,Personal Care,5.47,1,0,0,45,53,0,5,28.0,,,,,3,-0.19440353460972026
2025-05-06,S008,West,P0913,Personal Care,6.92,0,0,0,20,23,0,5,45.0,49.0,,,30.428571428571427,1,0.26508226691042047
2025-06-07,S008,West,P0913,Personal Care,5.77,1,0,1,33,33,1,6,20.0,18.0,,,26.285714285714285,5,-0.1661849710982659
2025-06-21,S008,West,P0913,Personal Care,6.4,0,0,1,31,31,1,6,33.0,29.0,,,28.428571428571427,5,0.10918544194107471
2025-06-24,S008,West,P0913,Personal Care,7.04,0,0,0,30,30,1,6,31.0,30.0,,,28.714285714285715,1,0.09999999999999987
2025-07-02,S008,West,P0913,Personal Care,6.27,0,0,0,32,32,1,7,30.0,14.0,,,28.714285714285715,2,-0.10937500000000011
2025-07-17,S008,West,P0913,Personal Care,5.69,1,0,0,42,45,0,7,32.0,28.0,,,31.285714285714285,3,-0.0925039872408292
2025-07-29,S008,West,P0913,Personal Care,5.9,0,0,0,18,18,1,7,42.0,45.0,,,33.285714285714285,1,0.03690685413005279
2025-08-08,S008,West,P0913,Personal Care,6.49,0,0,0,32,32,0,8,18.0,20.0,49.0,,29.428571428571427,4,0.09999999999999987
2025-08-15,S008,West,P0913,Personal Care,5.42,1,0,0,52,57,0,8,32.0,33.0,18.0,,31.142857142857142,4,-0.16486902927580893
2025-09-04,S008,West,P0913,Personal Care,5.43,1,0,0,38,45,0,9,52.0,31.0,29.0,,33.857142857142854,3,0.0018450184501843658
2025-10-23,S008,West,P0913,Personal Care,6.04,0,0,0,21,21,1,10,38.0,30.0,30.0,,34.857142857142854,3,0.11233885819521183
2025-11-16,S008,West,P0913,Personal Care,5.71,1,0,1,43,45,0,11,21.0,32.0,14.0,,33.57142857142857,6,-0.054635761589403975
2025-11-19,S008,West,P0913,Personal Care,6.29,0,0,0,24,25,0,11,43.0,42.0,28.0,,35.142857142857146,2,0.10157618213660236
2025-12-01,S008,West,P0913,Personal Care,6.29,0,0,0,22,25,0,12,24.0,18.0,45.0,,32.57142857142857,0,0.0
2025-12-21,S008,West,P0913,Personal Care,5.81,1,0,1,34,42,0,12,22.0,32.0,20.0,,33.142857142857146,6,-0.07631160572337048
2025-12-26,S008,West,P0913,Personal Care,6.44,0,0,0,37,41,0,12,34.0,52.0,33.0,,33.42857142857143,4,0.10843373493975927
2025-01-02,S009,North,P0001,Beverages,3.47,0,0,0,47,47,1,1,,,,,,3,
2025-01-05,S009,North,P0001,Beverages,2.95,1,0,1,96,113,0,1,47.0,,,,,6,-0.1498559077809798
2025-01-06,S009,North,P0001,Beverages,3.16,0,0,0,45,45,1,1,96.0,,,,,0,0.07118644067796609
2025-01-18,S009,North,P0001,Beverages,3.46,0,0,1,67,83,0,1,45.0,,,,,5,0.09493670886075933
2025-02-21,S009,North,P0001,Beverages,3.6,0,0,0,41,41,1,2,67.0,,,,,4,0.040462427745664886
2025-02-23,S009,North,P0001,Beverages,2.76,1,0,1,98,102,0,2,41.0,,,,,6,-0.2333333333333334
2025-03-04,S009,North,P0001,Beverages,3.52,0,0,0,35,35,1,3,98.0,,,,,1,0.2753623188405798
2025-05-28,S009,North,P0001,Beverages,3.17,0,0,0,55,57,0,5,35.0,47.0,,,61.285714285714285,2,-0.09943181818181823
2025-05-31,S009,North,P0001,Beverages,2.84,1,0,1,111,125,0,5,55.0,96.0,,,62.42857142857143,5,-0.10410094637223977
2025-06-01,S009,North,P0001,Beverages,3.61,0,0,1,50,50,1,6,111.0,45.0,,,64.57142857142857,6,0.27112676056338025
2025-06-02,S009,North,P0001,Beverages,3.31,0,0,0,47,47,1,6,50.0,67.0,,,65.28571428571429,0,-0.08310249307479223
2025-06-17,S009,North,P0001,Beverages,3.53,0,1,0,75,86,0,6,47.0,41.0,,,62.42857142857143,1,0.06646525679758297
2025-07-30,S009,North,P0001,Beverages,3.62,0,0,0,48,48,0,7,75.0,98.0,,,67.28571428571429,2,0.025495750708215414
2025-08-01,S009,North,P0001,Beverages,3.02,1,0,0,70,70,1,8,48.0,35.0,,,60.142857142857146,4,-0.16574585635359118
2025-08-19,S009,North,P0001,Beverages,2.81,1,0,0,79,91,0,8,70.0,55.0,47.0,,65.14285714285714,1,-0.06953642384105962
2025-08-28,S009,North,P0001,Beverages,3.8,0,0,0,52,56,0,8,79.0,111.0,96.0,,68.57142857142857,3,0.35231316725978634
2025-09-16,S009,North,P0001,Beverages,3.23,1,0,0,72,72,1,9,52.0,50.0,45.0,,60.142857142857146,1,-0.1499999999999999
2025-10-07,S009,North,P0001,Beverages,3.18,0,0,0,50,61,0,10,72.0,47.0,67.0,,63.285714285714285,1,-0.015479876160990669
2025-11-03,S009,North,P0001,Beverages,3.49,0,0,0,35,35,1,11,50.0,75.0,41.0,,63.714285714285715,0,0.09748427672955984
2025-02-03,S009,North,P0002,Beverages,3.47,0,0,0,55,64,0,2,,,,,,0,
2025-04-03,S009,North,P0002,Beverages,3.45,0,0,0,58,66,0,4,55.0,,,,,3,-0.0057636887608069065
2025-04-04,S009,North,P0002,Beverages,3.39,0,0,0,55,69,0,4,58.0,,,,,4,-0.017391304347826098
2025-04-21,S009,North,P0002,Beverages,3.53,0,1,0,97,97,1,4,55.0,,,,,0,0.041297935103244754
2025-05-10,S009,North,P0002,Beverages,3.51,0,0,1,46,46,1,5,97.0,,,,,5,-0.005665722379603388
2025-06-01,S009,North,P0002,Beverages,3.22,0,0,1,54,54,1,6,46.0,,,,,6,-0.08262108262108248
2025-06-01,S009,North,P0002,Beverages,3.51,0,0,1,39,39,1,6,54.0,,,,,6,0.09006211180124213
2025-06-04,S009,North,P0002,Beverages,3.3,0,1,0,83,89,0,6,39.0,55.0,,,57.714285714285715,2,-0.05982905982905984
2025-06-26,S009,North,P0002,Beverages,3.71,0,0,0,43,43,1,6,83.0,58.0,,,61.714285714285715,3,0.12424242424242427
2025-07-03,S009,North,P0002,Beverages,2.83,1,0,0,70,70,1,7,43.0,55.0,,,59.57142857142857,3,-0.23719676549865232
2025-08-19,S009,North,P0002,Beverages,2.86,1,0,0,54,54,1,8,70.0,97.0,,,61.714285714285715,1,0.010600706713780772
2025-08-21,S009,North,P0002,Beverages,3.55,0,0,0,59,69,0,8,54.0,46.0,,,55.57142857142857,3,0.24125874125874125
2025-09-20,S009,North,P0002,Beverages,3.15,1,0,1,91,103,0,9,59.0,54.0,,,57.42857142857143,5,-0.11267605633802813
2025-10-10,S009,North,P0002,Beverages,2.69,1,0,0,77,79,0,10,91.0,39.0,,,62.714285714285715,4,-0.14603174603174607
2025-10-13,S009,North,P0002,Beverages,3.31,0,1,0,64,70,0,10,77.0,83.0,55.0,,68.14285714285714,0,0.23048327137546476
2025-11-26,S009,North,P0002,Beverages,2.88,1,0,0,67,74,0,11,64.0,43.0,58.0,,65.42857142857143,2,-0.12990936555891242
2025-12-03,S009,North,P0002,Beverages,3.82,0,0,0,41,41,1,12,67.0,70.0,55.0,,68.85714285714286,2,0.32638888888888884
2025-12-16,S009,North,P0002,Beverages,3.71,0,0,0,50,50,1,12,41.0,54.0,97.0,,64.71428571428571,1,-0.028795811518324554
2025-01-13,S009,North,P0456,Snacks,1.93,0,0,0,84,97,0,1,,,,,,0,
2025-02-05,S009,North,P0456,Snacks,1.93,0,0,0,73,89,0,2,84.0,,,,,2,0.0
2025-02-08,S009,North,P0456,Snacks,2.04,0,0,1,108,121,0,2,73.0,,,,,5,0.05699481865284972
2025-03-01,S009,North,P0456,Snacks,2.13,0,0,1,107,107,1,3,108.0,,,,,5,0.04411764705882337
2025-03-03,S009,North,P0456,Snacks,1.6,1,0,0,124,145,0,3,107.0,,,,,0,-0.24882629107981213
2025-04-28,S009,North,P0456,Snacks,1.88,0,0,0,86,91,0,4,124.0,,,,,0,0.17499999999999982
2025-05-22,S009,North,P0456,Snacks,1.73,1,0,0,130,144,0,5,86.0,,,,,3,-0.07978723404255317
2025-06-06,S009,North,P0456,Snacks,2.13,0,0,0,58,58,1,6,130.0,84.0,,,101.71428571428571,4,0.23121387283236983
2025-06-19,S009,North,P0456,Snacks,2.05,0,0,0,70,70,1,6,58.0,73.0,,,98.0,3,-0.03755868544600938
2025-07-05,S009,North,P0456,Snacks,2.1,0,0,1,79,79,1,7,70.0,108.0,,,97.57142857142857,5,0.024390243902439046
2025-08-14,S009,North,P0456,Snacks,1.84,0,0,0,66,66,1,8,79.0,107.0,,,93.42857142857143,3,-0.12380952380952381
2025-08-21,S009,North,P0456,Snacks,2.05,0,0,0,94,109,0,8,66.0,124.0,,,87.57142857142857,3,0.11413043478260865
2025-09-08,S009,North,P0456,Snacks,1.91,0,0,0,72,93,0,9,94.0,86.0,,,83.28571428571429,0,-0.06829268292682922
2025-09-11,S009,North,P0456,Snacks,1.97,0,0,0,75,90,0,9,72.0,130.0,,,81.28571428571429,3,0.03141361256544495
2025-09-28,S009,North,P0456,Snacks,2.12,0,0,1,84,84,1,9,75.0,58.0,84.0,,73.42857142857143,6,0.07614213197969555
2025-10-15,S009,North,P0456,Snacks,2.04,0,0,0,68,68,1,10,84.0,70.0,73.0,,77.14285714285714,2,-0.037735849056603765
2025-10-15,S009,North,P0456,Snacks,1.62,1,0,0,102,102,1,10,68.0,79.0,108.0,,76.85714285714286,2,-0.2058823529411764
2025-10-21,S009,North,P0456,Snacks,2.11,0,0,0,70,74,0,10,102.0,66.0,107.0,,80.14285714285714,1,0.3024691358024689
2025-11-10,S009,North,P0456,Snacks,1.87,0,0,0,78,85,0,11,70.0,94.0,124.0,,80.71428571428571,0,-0.11374407582938373
2025-12-23,S009,North,P0456,Snacks,1.89,0,0,0,86,111,0,12,78.0,72.0,86.0,,78.42857142857143,1,0.010695187165775222
2025-12-30,S009,North,P0456,Snacks,1.84,0,0,0,72,82,0,12,86.0,75.0,130.0,,80.42857142857143,1,-0.026455026455026398
2025-01-28,S009,North,P0457,Snacks,2.14,0,0,0,90,103,0,1,,,,,,1,
2025-02-06,S009,North,P0457,Snacks,1.91,0,0,0,84,84,0,2,90.0,,,,,3,-0.10747663551401876
2025-02-07,S009,North,P0457,Snacks,2.09,0,1,0,99,99,1,2,84.0,,,,,4,0.09424083769633507
2025-04-14,S009,North,P0457,Snacks,2.19,0,0,0,57,57,1,4,99.0,,,,,0,0.04784688995215314
2025-04-14,S009,North,P0457,Snacks,1.94,0,0,0,84,84,1,4,57.0,,,,,0,-0.11415525114155256
2025-04-18,S009,North,P0457,Snacks,2.12,0,0,0,83,83,1,4,84.0,,,,,4,0.09278350515463929
2025-04-21,S009,North,P0457,Snacks,2.0,0,0,0,70,70,1,4,83.0,,,,,0,-0.05660377358490576
2025-05-12,S009,North,P0457,Snacks,1.92,0,0,0,56,56,1,5,70.0,90.0,,,81.0,0,-0.040000000000000036
2025-05-21,S009,North,P0457,Snacks,2.01,0,0,0,61,61,1,5,56.0,84.0,,,76.14285714285714,2,0.046875
2025-06-19,S009,North,P0457,Snacks,2.14,0,1,0,111,111,1,6,61.0,99.0,,,72.85714285714286,3,0.06467661691542315
2025-06-29,S009,North,P0457,Snacks,2.04,0,0,1,105,106,0,6,111.0,57.0,,,74.57142857142857,6,-0.04672897196261683
2025-08-05,S009,North,P0457,Snacks,2.0,0,1,0,82,82,1,8,105.0,84.0,,,81.42857142857143,1,-0.019607843137254943
2025-08-11,S009,North,P0457,Snacks,1.53,1,0,0,101,101,1,8,82.0,83.0,,,81.14285714285714,0,-0.235
2025-08-13,S009,North,P0457,Snacks,2.12,0,0,0,65,65,1,8,101.0,70.0,,,83.71428571428571,2,0.3856209150326797
2025-08-26,S009,North,P0457,Snacks,1.91,0,0,0,54,54,1,8,65.0,56.0,90.0,,83.0,1,-0.09905660377358494
2025-10-30,S009,North,P0457,Snacks,2.17,0,0,0,82,98,0,10,54.0,61.0,84.0,,82.71428571428571,3,0.1361256544502618
2025-11-09,S009,North,P0457,Snacks,1.86,0,0,1,93,110,0,11,82.0,111.0,99.0,,85.71428571428571,6,-0.1428571428571428
2025-11-14,S009,North,P0457,Snacks,1.99,0,1,0,114,136,0,11,93.0,105.0,57.0,,83.14285714285714,4,0.06989247311827951
2025-12-06,S009,North,P0457,Snacks,1.73,1,0,1,142,153,0,12,114.0,82.0,84.0,,84.42857142857143,5,-0.1306532663316583
2025-12-10,S009,North,P0457,Snacks,1.85,0,1,0,148,160,0,12,142.0,101.0,83.0,,93.0,2,0.06936416184971095
2025-01-04,S009,North,P0789,Dairy,4.41,0,0,1,44,53,0,1,,,,,,5,
2025-01-23,S009,North,P0789,Dairy,4.44,0,0,0,46,51,0,1,44.0,,,,,3,0.006802721088435382
2025-02-02,S009,North,P0789,Dairy,3.65,1,0,1,68,68,1,2,46.0,,,,,6,-0.177927927927928
2025-02-03,S009,North,P0789,Dairy,4.33,0,0,0,33,33,1,2,68.0,,,,,0,0.18630136986301382
2025-02-03,S009,North,P0789,Dairy,3.88,0,0,0,27,27,1,2,33.0,,,,,0,-0.10392609699769062
2025-04-14,S009,North,P0789,Dairy,4.06,0,0,0,43,49,0,4,27.0,,,,,0,0.04639175257731942
2025-04-23,S009,North,P0789,Dairy,4.4,0,0,0,32,32,1,4,43.0,,,,,2,0.08374384236453225
2025-04-23,S009,North,P0789,Dairy,3.63,1,0,0,78,78,1,4,32.0,44.0,,,41.857142857142854,2,-0.17500000000000004
2025-04-23,S009,North,P0789,Dairy,3.84,0,0,0,47,53,0,4,78.0,46.0,,,46.714285714285715,2,0.05785123966942152
2025-04-30,S009,North,P0789,Dairy,3.48,1,0,0,66,80,0,4,47.0,68.0,,,46.857142857142854,2,-0.09375
2025-05-05,S009,North,P0789,Dairy,3.87,0,0,0,45,48,0,5,66.0,33.0,,,46.57142857142857,0,0.11206896551724133
2025-06-19,S009,North,P0789,Dairy,4.58,0,0,0,20,20,1,6,45.0,27.0,,,48.285714285714285,3,0.18346253229974163
2025-06-26,S009,North,P0789,Dairy,3.43,1,0,0,64,74,0,6,20.0,43.0,,,47.285714285714285,3,-0.25109170305676853
2025-07-12,S009,North,P0789,Dairy,3.89,0,0,1,67,78,0,7,64.0,32.0,,,50.285714285714285,5,0.13411078717201175
2025-07-14,S009,North,P0789,Dairy,4.58,0,0,0,37,37,0,7,67.0,78.0,44.0,,55.285714285714285,0,0.17737789203084842
2025-08-01,S009,North,P0789,Dairy,3.91,0,0,0,44,47,0,8,37.0,47.0,46.0,,49.42857142857143,4,-0.14628820960698685
2025-08-04,S009,North,P0789,Dairy,4.38,0,0,0,31,31,1,8,44.0,66.0,68.0,,49.0,0,0.12020460358056262
2025-08-13,S009,North,P0789,Dairy,4.26,0,1,0,61,71,0,8,31.0,45.0,33.0,,44.0,2,-0.0273972602739726
2025-08-25,S009,North,P0789,Dairy,4.03,0,0,0,25,25,1,8,61.0,20.0,27.0,,46.285714285714285,0,-0.05399061032863839
2025-10-07,S009,North,P0789,Dairy,4.44,0,0,0,34,37,0,10,25.0,64.0,43.0,,47.0,1,0.1017369727047146
2025-10-13,S009,North,P0789,Dairy,4.53,0,0,0,43,53,0,10,34.0,67.0,32.0,,42.714285714285715,0,0.020270270270270174
2025-10-30,S009,North,P0789,Dairy,4.11,0,0,0,36,36,1,10,43.0,37.0,78.0,,39.285714285714285,3,-0.0927152317880795
2025-11-04,S009,North,P0789,Dairy,4.29,0,1,0,48,48,1,11,36.0,44.0,47.0,,39.142857142857146,1,0.04379562043795615
2025-11-27,S009,North,P0789,Dairy,4.22,0,0,0,33,33,1,11,48.0,31.0,66.0,,39.714285714285715,3,-0.01631701631701643
2025-12-07,S009,North,P0789,Dairy,4.4,0,0,1,54,62,0,12,33.0,61.0,45.0,,40.0,6,0.042654028436019065
2025-01-20,S009,North,P0790,Dairy,3.84,0,0,0,34,34,1,1,,,,,,0,
2025-02-11,S009,North,P0790,Dairy,4.14,0,0,0,38,38,1,2,34.0,,,,,1,0.078125
2025-02-28,S009,North,P0790,Dairy,4.12,0,0,0,34,34,0,2,38.0,,,,,4,-0.004830917874396046
2025-03-15,S009,North,P0790,Dairy,4.06,0,0,1,47,47,1,3,34.0,,,,,5,-0.01456310679611661
2025-04-08,S009,North,P0790,Dairy,3.84,0,0,0,35,44,0,4,47.0,,,,,1,-0.054187192118226535
2025-04-13,S009,North,P0790,Dairy,3.87,0,0,1,50,58,0,4,35.0,,,,,6,0.0078125
2025-04-15,S009,North,P0790,Dairy,3.33,1,0,0,36,36,1,4,50.0,,,,,1,-0.13953488372093026
2025-04-25,S009,North,P0790,Dairy,3.31,1,0,0,74,81,0,4,36.0,34.0,,,39.142857142857146,4,-0.006006006006005982
2025-05-11,S009,North,P0790,Dairy,4.44,0,0,1,58,70,0,5,74.0,38.0,,,44.857142857142854,6,0.3413897280966769
2025-07-03,S009,North,P0790,Dairy,4.16,0,0,0,35,35,1,7,58.0,34.0,,,47.714285714285715,3,-0.06306306306306309
2025-08-15,S009,North,P0790,Dairy,3.31,1,0,0,49,49,1,8,35.0,47.0,,,47.857142857142854,4,-0.20432692307692313
2025-09-06,S009,North,P0790,Dairy,4.5,0,0,1,54,60,0,9,49.0,35.0,,,48.142857142857146,5,0.3595166163141994
2025-09-22,S009,North,P0790,Dairy,3.87,0,0,0,39,41,0,9,54.0,50.0,,,50.857142857142854,0,-0.14
2025-10-12,S009,North,P0790,Dairy,4.42,0,0,1,62,77,0,10,39.0,36.0,,,49.285714285714285,6,0.1421188630490955
2025-10-31,S009,North,P0790,Dairy,4.0,0,0,0,40,40,1,10,62.0,74.0,34.0,,53.0,4,-0.09502262443438914
2025-01-13,S009,North,P0912,Personal Care,6.01,0,0,0,23,23,1,1,,,,,,0,
2025-01-16,S009,North,P0912,Personal Care,5.94,0,0,0,30,30,0,1,23.0,,,,,3,-0.011647254575707033
2025-01-17,S009,North,P0912,Personal Care,5.47,1,0,0,45,49,0,1,30.0,,,,,4,-0.07912457912457926
2025-01-26,S009,North,P0912,Personal Care,6.45,0,0,1,39,45,0,1,45.0,,,,,6,0.17915904936014626
2025-03-08,S009,North,P0912,Personal Care,7.01,0,0,1,34,34,1,3,39.0,,,,,5,0.08682170542635648
2025-04-02,S009,North,P0912,Personal Care,6.05,0,0,0,39,39,0,4,34.0,,,,,2,-0.13694721825962908
2025-04-13,S009,North,P0912,Personal Care,6.36,0,0,1,24,24,1,4,39.0,,,,,6,0.05123966942148761
2025-05-02,S009,North,P0912,Personal Care,6.42,0,0,0,29,34,0,5,24.0,23.0,,,33.42857142857143,4,0.00943396226415083
2025-05-25,S009,North,P0912,Personal Care,6.6,0,0,1,35,35,0,5,29.0,30.0,,,34.285714285714285,6,0.028037383177569986
2025-06-03,S009,North,P0912,Personal Care,7.06,0,0,0,31,31,1,6,35.0,45.0,,,35.0,1,0.06969696969696959
2025-06-07,S009,North,P0912,Personal Care,7.06,0,0,1,27,32,0,6,31.0,39.0,,,33.0,5,0.0
2025-06-19,S009,North,P0912,Personal Care,7.13,0,0,0,20,20,1,6,27.0,34.0,,,31.285714285714285,3,0.009915014164306069
2025-07-07,S009,North,P0912,Personal Care,5.87,1,0,0,37,43,0,7,20.0,39.0,,,29.285714285714285,0,-0.17671809256661986
2025-09-11,S009,North,P0912,Personal Care,6.4,0,0,0,25,28,0,9,37.0,24.0,,,29.0,3,0.09028960817717202
2025-10-18,S009,North,P0912,Personal Care,5.98,0,0,1,35,43,0,10,25.0,29.0,23.0,,29.142857142857142,5,-0.06562499999999993
2025-11-01,S009,North,P0912,Personal Care,5.75,1,1,1,42,42,1,11,35.0,35.0,30.0,,30.0,5,-0.03846153846153855
2025-11-09,S009,North,P0912,Personal Care,6.55,0,0,1,21,22,0,11,42.0,31.0,45.0,,31.0,6,0.13913043478260856
2025-11-12,S009,North,P0912,Personal Care,6.53,0,0,0,11,11,1,11,21.0,27.0,39.0,,29.571428571428573,2,-0.003053435114503733
2025-12-21,S009,North,P0912,Personal Care,5.25,1,0,1,56,70,0,12,11.0,20.0,34.0,,27.285714285714285,6,-0.19601837672281774
2025-01-01,S009,North,P0913,Personal Care,6.85,0,0,0,24,27,0,1,,,,,,2,
2025-02-04,S009,North,P0913,Personal Care,5.89,0,0,0,15,18,0,2,24.0,,,,,1,-0.14014598540145984
2025-02-20,S009,North,P0913,Personal Care,5.37,1,0,0,31,31,1,2,15.0,,,,,3,-0.0882852292020373
2025-02-21,S009,North,P0913,Personal Care,5.79,1,0,0,61,67,0,2,31.0,,,,,4,0.07821229050279332
2025-03-19,S009,North,P0913,Personal Care,6.81,0,0,0,18,18,1,3,61.0,,,,,2,0.17616580310880825
2025-03-31,S009,North,P0913,Personal Care,6.0,0,1,0,31,31,1,3,18.0,,,,,0,-0.11894273127753296
2025-05-13,S009,North,P0913,Personal Care,6.1,0,0,0,24,24,1,5,31.0,,,,,1,0.016666666666666607
2025-06-14,S009,North,P0913,Personal Care,6.78,0,0,1,29,32,0,6,24.0,24.0,,,29.142857142857142,5,0.11147540983606574
2025-07-25,S009,North,P0913,Personal Care,6.72,0,0,0,18,18,1,7,29.0,15.0,,,29.857142857142858,4,-0.008849557522124019
2025-08-01,S009,North,P0913,Personal Care,5.47,1,0,0,36,46,0,8,18.0,31.0,,,30.285714285714285,4,-0.18601190476190477
2025-08-13,S009,North,P0913,Personal Care,7.1,0,0,0,24,25,0,8,36.0,61.0,,,31.0,2,0.29798903107861063
2025-09-07,S009,North,P0913,Personal Care,6.02,1,0,1,45,52,0,9,24.0,18.0,,,25.714285714285715,6,-0.15211267605633805
2025-09-18,S009,North,P0913,Personal Care,6.64,0,0,0,24,24,1,9,45.0,31.0,,,29.571428571428573,3,0.10299003322259148
2025-10-10,S009,North,P0913,Personal Care,5.85,0,0,0,17,17,1,10,24.0,24.0,,,28.571428571428573,4,-0.11897590361445787
2025-10-19,S009,North,P0913,Personal Care,5.65,1,0,1,27,27,1,10,17.0,29.0,24.0,,27.571428571428573,6,-0.03418803418803407
2025-10-28,S009,North,P0913,Personal Care,6.68,0,0,0,15,17,0,10,27.0,18.0,15.0,,27.285714285714285,1,0.18230088495575214
2025-11-25,S009,North,P0913,Personal Care,5.89,0,0,0,14,14,1,11,15.0,36.0,31.0,,26.857142857142858,1,-0.11826347305389218
2025-12-08,S009,North,P0913,Personal Care,7.0,0,1,0,44,56,0,12,14.0,24.0,61.0,,23.714285714285715,0,0.18845500848896446
2025-12-26,S009,North,P0913,Personal Care,6.71,0,0,0,19,19,1,12,44.0,45.0,18.0,,26.571428571428573,4,-0.04142857142857148
2025-01-15,S010,South,P0001,Beverages,3.5,0,0,0,51,51,1,1,,,,,,2,
2025-01-20,S010,South,P0001,Beverages,3.19,0,0,0,34,34,1,1,51.0,,,,,0,-0.08857142857142863
2025-03-04,S010,South,P0001,Beverages,3.84,0,0,0,51,53,0,3,34.0,,,,,1,0.20376175548589348
2025-03-07,S010,South,P0001,Beverages,3.25,1,0,0,90,107,0,3,51.0,,,,,4,-0.15364583333333326
2025-03-13,S010,South,P0001,Beverages,3.53,0,0,0,51,64,0,3,90.0,,,,,3,0.08615384615384603
2025-03-17,S010,South,P0001,Beverages,3.45,0,0,0,45,45,1,3,51.0,,,,,0,-0.022662889518413443
2025-04-19,S010,South,P0001,Beverages,2.94,1,0,1,86,86,0,4,45.0,,,,,5,-0.14782608695652177
2025-05-15,S010,South,P0001,Beverages,3.43,0,0,0,35,43,0,5,86.0,51.0,,,58.285714285714285,3,0.16666666666666674
2025-06-04,S010,South,P0001,Beverages,3.83,0,1,0,50,50,1,6,35.0,34.0,,,56.0,2,0.11661807580174921
2025-06-09,S010,South,P0001,Beverages,3.4,0,0,0,55,68,0,6,50.0,51.0,,,58.285714285714285,0,-0.1122715404699739
2025-06-10,S010,South,P0001,Beverages,3.34,0,0,0,41,41,1,6,55.0,90.0,,,58.857142857142854,1,-0.01764705882352946
2025-07-16,S010,South,P0001,Beverages,3.25,0,0,0,54,62,0,7,41.0,51.0,,,51.857142857142854,2,-0.026946107784431073
2025-07-23,S010,South,P0001,Beverages,3.5,0,0,0,39,50,0,7,54.0,45.0,,,52.285714285714285,2,0.07692307692307687
2025-07-26,S010,South,P0001,Beverages,3.85,0,0,1,59,59,1,7,39.0,86.0,,,51.42857142857143,5,0.10000000000000009
2025-09-07,S010,South,P0001,Beverages,3.72,0,1,1,95,106,0,9,59.0,35.0,51.0,,47.57142857142857,6,-0.03376623376623378
2025-10-26,S010,South,P0001,Beverages,3.82,0,0,1,60,60,1,10,95.0,50.0,34.0,,56.142857142857146,6,0.026881720430107503
2025-11-26,S010,South,P0001,Beverages,3.15,0,0,0,59,59,1,11,60.0,55.0,51.0,,57.57142857142857,2,-0.17539267015706805
2025-12-06,S010,South,P0001,Beverages,3.3,0,0,1,58,58,1,12,59.0,41.0,90.0,,58.142857142857146,5,0.04761904761904767
2025-01-27,S010,South,P0002,Beverages,3.66,0,0,0,47,47,1,1,,,,,,0,
2025-02-11,S010,South,P0002,Beverages,3.5,0,0,0,32,32,1,2,47.0,,,,,1,-0.04371584699453557
2025-02-13,S010,South,P0002,Beverages,2.71,1,0,0,76,97,0,2,32.0,,,,,3,-0.22571428571428576
2025-02-20,S010,South,P0002,Beverages,3.19,0,0,0,49,49,1,2,76.0,,,,,3,0.17712177121771222
2025-03-06,S010,South,P0002,Beverages,3.77,0,0,0,38,46,0,3,49.0,,,,,3,0.18181818181818188
2025-04-02,S010,South,P0002,Beverages,3.84,0,0,0,52,52,1,4,38.0,,,,,2,0.018567639257294433
2025-05-17,S010,South,P0002,Beverages,3.19,0,0,1,45,45,1,5,52.0,,,,,5,-0.16927083333333337
2025-05-27,S010,South,P0002,Beverages,3.24,1,0,0,76,83,0,5,45.0,47.0,,,48.42857142857143,1,0.015673981191222763
2025-07-11,S010,South,P0002,Beverages,3.65,0,0,0,50,50,1,7,76.0,32.0,,,52.57142857142857,4,0.1265432098765431
2025-08-19,S010,South,P0002,Beverages,3.27,0,0,0,46,48,0,8,50.0,76.0,,,55.142857142857146,1,-0.1041095890410959
2025-09-20,S010,South,P0002,Beverages,2.89,1,0,1,88,98,0,9,46.0,49.0,,,50.857142857142854,5,-0.11620795107033632
2025-10-02,S010,South,P0002,Beverages,3.42,0,0,0,49,59,0,10,88.0,38.0,,,56.42857142857143,3,0.18339100346020754
2025-10-24,S010,South,P0002,Beverages,3.03,1,0,0,68,68,1,10,49.0,52.0,,,58.0,4,-0.11403508771929827
2025-11-13,S010,South,P0002,Beverages,3.33,0,0,0,39,39,1,11,68.0,45.0,,,60.285714285714285,3,0.0990099009900991
2025-11-14,S010,South,P0002,Beverages,3.3,0,0,0,51,64,0,11,39.0,76.0,47.0,,59.42857142857143,4,-0.009009009009009028
2025-12-05,S010,South,P0002,Beverages,3.55,0,0,0,41,41,1,12,51.0,50.0,32.0,,55.857142857142854,4,0.07575757575757569
2025-12-08,S010,South,P0002,Beverages,3.27,0,0,0,47,60,0,12,41.0,46.0,76.0,,54.57142857142857,0,-0.07887323943661961
2025-12-08,S010,South,P0002,Beverages,3.22,0,0,0,39,39,1,12,47.0,88.0,49.0,,54.714285714285715,0,-0.015290519877675823
2025-12-11,S010,South,P0002,Beverages,3.85,0,0,0,44,52,0,12,39.0,49.0,38.0,,47.714285714285715,3,0.19565217391304346
2025-12-23,S010,South,P0002,Beverages,3.18,0,0,0,38,45,0,12,44.0,68.0,52.0,,47.0,1,-0.17402597402597397
2025-01-01,S010,South,P0456,Snacks,1.86,0,0,0,74,74,1,1,,,,,,2,
2025-02-11,S010,South,P0456,Snacks,2.08,0,0,0,73,73,1,2,74.0,,,,,1,0.11827956989247301
2025-02-13,S010,South,P0456,Snacks,1.98,0,1,0,86,86,1,2,73.0,,,,,3,-0.04807692307692313
2025-02-22,S010,South,P0456,Snacks,2.01,0,0,1,104,104,1,2,86.0,,,,,5,0.015151515151515138
2025-02-26,S010,South,P0456,Snacks,2.16,0,0,0,76,76,1,2,104.0,,,,,2,0.074626865671642
2025-03-08,S010,South,P0456,Snacks,2.0,0,0,1,105,122,0,3,76.0,,,,,5,-0.07407407407407418
2025-03-21,S010,South,P0456,Snacks,1.96,0,0,0,77,83,0,3,105.0,,,,,4,-0.020000000000000018
2025-04-08,S010,South,P0456,Snacks,1.68,1,0,0,103,103,1,4,77.0,74.0,,,85.0,1,-0.1428571428571429
2025-04-08,S010,South,P0456,Snacks,2.0,0,0,0,73,73,1,4,103.0,73.0,,,89.14285714285714,1,0.19047619047619047
2025-04-14,S010,South,P0456,Snacks,1.91,0,0,0,77,84,0,4,73.0,86.0,,,89.14285714285714,0,-0.04500000000000004
2025-04-15,S010,South,P0456,Snacks,2.12,0,0,0,68,68,1,4,77.0,104.0,,,87.85714285714286,1,0.10994764397905765
2025-04-20,S010,South,P0456,Snacks,1.68,1,0,1,113,113,1,4,68.0,76.0,,,82.71428571428571,6,-0.20754716981132082
2025-04-21,S010,South,P0456,Snacks,1.98,0,0,0,88,97,0,4,113.0,105.0,,,88.0,0,0.1785714285714286
2025-05-11,S010,South,P0456,Snacks,1.95,0,0,1,107,107,1,5,88.0,77.0,,,85.57142857142857,6,-0.015151515151515138
2025-05-23,S010,South,P0456,Snacks,1.65,1,0,0,102,102,1,5,107.0,103.0,74.0,,89.85714285714286,4,-0.15384615384615385
2025-06-10,S010,South,P0456,Snacks,1.84,0,0,0,73,73,1,6,102.0,73.0,73.0,,89.71428571428571,1,0.11515151515151523
2025-06-14,S010,South,P0456,Snacks,1.86,1,0,1,166,213,0,6,73.0,77.0,86.0,,89.71428571428571,5,0.010869565217391353
2025-06-28,S010,South,P0456,Snacks,1.77,1,1,1,181,190,0,6,166.0,68.0,104.0,,102.42857142857143,5,-0.048387096774193616
2025-07-17,S010,South,P0456,Snacks,1.55,1,0,0,116,116,1,7,181.0,113.0,76.0,,118.57142857142857,3,-0.12429378531073443
2025-08-11,S010,South,P0456,Snacks,1.91,0,0,0,79,88,0,8,116.0,88.0,105.0,,119.0,0,0.23225806451612896
2025-08-17,S010,South,P0456,Snacks,1.88,0,0,1,80,80,1,8,79.0,107.0,77.0,,117.71428571428571,6,-0.015706806282722474
2025-09-16,S010,South,P0456,Snacks,2.13,0,0,0,79,79,0,9,80.0,102.0,103.0,,113.85714285714286,1,0.13297872340425543
2025-10-12,S010,South,P0456,Snacks,2.1,0,0,1,108,108,1,10,79.0,73.0,73.0,,110.57142857142857,6,-0.014084507042253391
2025-10-19,S010,South,P0456,Snacks,1.84,1,0,1,151,180,0,10,108.0,166.0,77.0,,115.57142857142857,6,-0.12380952380952381
2025-11-12,S010,South,P0456,Snacks,2.2,0,0,0,66,80,0,11,151.0,181.0,68.0,,113.42857142857143,2,0.19565217391304346
2025-12-15,S010,South,P0456,Snacks,2.12,0,0,0,82,103,0,12,66.0,116.0,113.0,,97.0,0,-0.036363636363636376
2025-12-20,S010,South,P0456,Snacks,1.73,1,0,1,130,130,1,12,82.0,79.0,88.0,,92.14285714285714,5,-0.1839622641509434
2025-12-31,S010,South,P0456,Snacks,1.73,1,0,0,113,113,1,12,130.0,80.0,107.0,,99.42857142857143,2,0.0
2025-02-13,S010,South,P0457,Snacks,2.04,0,0,0,69,69,1,2,,,,,,3,
2025-02-22,S010,South,P0457,Snacks,1.79,1,0,1,140,140,1,2,69.0,,,,,5,-0.12254901960784315
2025-02-27,S010,South,P0457,Snacks,2.02,0,0,0,53,53,1,2,140.0,,,,,3,0.12849162011173187
2025-03-22,S010,South,P0457,Snacks,2.18,0,0,1,115,140,0,3,53.0,,,,,5,0.07920792079207928
2025-04-11,S010,South,P0457,Snacks,2.06,0,0,0,84,91,0,4,115.0,,,,,4,-0.05504587155963303
2025-04-25,S010,South,P0457,Snacks,1.93,0,0,0,78,100,0,4,84.0,,,,,4,-0.06310679611650494
2025-05-10,S010,South,P0457,Snacks,1.71,1,0,1,165,193,0,5,78.0,,,,,5,-0.11398963730569944
2025-05-11,S010,South,P0457,Snacks,2.1,0,0,1,84,84,1,5,165.0,69.0,,,100.57142857142857,6,0.22807017543859653
2025-05-14,S010,South,P0457,Snacks,1.82,0,0,0,64,64,1,5,84.0,140.0,,,102.71428571428571,2,-0.1333333333333333
2025-06-01,S010,South,P0457,Snacks,1.94,0,0,1,86,86,1,6,64.0,53.0,,,91.85714285714286,6,0.06593406593406592
2025-08-17,S010,South,P0457,Snacks,1.81,0,1,1,150,160,0,8,86.0,115.0,,,96.57142857142857,6,-0.0670103092783505
2025-08-25,S010,South,P0457,Snacks,1.92,0,0,0,69,69,1,8,150.0,84.0,,,101.57142857142857,0,0.06077348066298338
2025-09-09,S010,South,P0457,Snacks,1.87,0,0,0,87,106,0,9,69.0,78.0,,,99.42857142857143,1,-0.02604166666666663
2025-09-21,S010,South,P0457,Snacks,2.15,0,0,1,86,86,1,9,87.0,165.0,,,100.71428571428571,6,0.14973262032085555
2025-10-28,S010,South,P0457,Snacks,2.15,0,0,0,78,90,0,10,86.0,84.0,69.0,,89.42857142857143,1,0.0
2025-10-31,S010,South,P0457,Snacks,1.99,0,0,0,73,73,1,10,78.0,64.0,140.0,,88.57142857142857,4,-0.07441860465116279
2025-11-12,S010,South,P0457,Snacks,1.62,1,0,0,97,97,1,11,73.0,86.0,53.0,,89.85714285714286,2,-0.18592964824120595
2025-11-25,S010,South,P0457,Snacks,1.97,0,0,0,85,90,0,11,97.0,150.0,115.0,,91.42857142857143,1,0.21604938271604923
2025-11-27,S010,South,P0457,Snacks,1.94,0,0,0,72,78,0,11,85.0,69.0,84.0,,82.14285714285714,3,-0.015228426395939132
2025-12-08,S010,South,P0457,Snacks,1.71,1,0,0,123,142,0,12,72.0,87.0,78.0,,82.57142857142857,0,-0.11855670103092786
2025-12-09,S010,South,P0457,Snacks,1.99,0,0,0,57,57,1,12,123.0,86.0,165.0,,87.71428571428571,1,0.16374269005847952
2025-01-25,S010,South,P0789,Dairy,3.84,0,0,1,50,50,0,1,,,,,,5,
2025-02-18,S010,South,P0789,Dairy,3.83,1,0,0,49,49,1,2,50.0,,,,,1,-0.0026041666666666297
2025-02-25,S010,South,P0789,Dairy,3.82,1,0,0,70,89,0,2,49.0,,,,,1,-0.0026109660574412663
2025-04-09,S010,South,P0789,Dairy,3.91,0,0,0,29,29,1,4,70.0,,,,,2,0.023560209424083878
2025-05-04,S010,South,P0789,Dairy,4.08,0,0,1,31,31,1,5,29.0,,,,,6,0.04347826086956519
2025-05-14,S010,South,P0789,Dairy,3.57,1,0,0,62,66,0,5,31.0,,,,,2,-0.125
2025-05-27,S010,South,P0789,Dairy,4.44,0,0,0,50,50,1,5,62.0,,,,,1,0.24369747899159688
2025-07-17,S010,South,P0789,Dairy,3.31,1,0,0,39,42,0,7,50.0,50.0,,,48.714285714285715,3,-0.25450450450450457
2025-08-12,S010,South,P0789,Dairy,4.43,0,0,0,37,37,1,8,39.0,49.0,,,47.142857142857146,1,0.3383685800604228
2025-08-17,S010,South,P0789,Dairy,4.56,0,0,1,39,39,1,8,37.0,70.0,,,45.42857142857143,6,0.02934537246049662
2025-08-28,S010,South,P0789,Dairy,3.79,0,0,0,44,44,1,8,39.0,29.0,,,41.0,3,-0.16885964912280693
2025-09-09,S010,South,P0789,Dairy,4.28,0,0,0,33,33,1,9,44.0,31.0,,,43.142857142857146,1,0.1292875989445912
2025-09-12,S010,South,P0789,Dairy,4.6,0,0,0,32,32,1,9,33.0,62.0,,,43.42857142857143,4,0.0747663551401867
2025-09-29,S010,South,P0789,Dairy,3.49,1,0,0,55,60,0,9,32.0,50.0,,,39.142857142857146,0,-0.2413043478260869
2025-10-07,S010,South,P0789,Dairy,4.17,0,0,0,37,40,0,10,55.0,39.0,50.0,,39.857142857142854,1,0.19484240687679066
2025-10-08,S010,South,P0789,Dairy,3.56,1,0,0,71,72,0,10,37.0,37.0,49.0,,39.57142857142857,2,-0.1462829736211031
2025-11-04,S010,South,P0789,Dairy,3.82,0,0,0,35,38,0,11,71.0,39.0,70.0,,44.42857142857143,1,0.07303370786516838
2025-11-22,S010,South,P0789,Dairy,4.28,0,0,1,46,46,1,11,35.0,44.0,29.0,,43.857142857142854,5,0.12041884816753945
2025-12-18,S010,South,P0789,Dairy,4.29,0,0,0,33,35,0,12,46.0,33.0,31.0,,44.142857142857146,3,0.002336448598130758
2025-12-25,S010,South,P0789,Dairy,4.59,0,0,0,49,53,0,12,33.0,32.0,62.0,,44.142857142857146,3,0.06993006993006978
2025-12-28,S010,South,P0789,Dairy,4.5,0,0,1,40,40,1,12,49.0,55.0,50.0,,46.57142857142857,6,-0.019607843137254832
2025-01-07,S010,South,P0790,Dairy,3.95,0,0,0,31,31,1,1,,,,,,1,
2025-01-28,S010,South,P0790,Dairy,3.49,1,0,0,62,62,0,1,31.0,,,,,1,-0.1164556962025316
2025-01-29,S010,South,P0790,Dairy,4.22,0,0,0,38,43,0,1,62.0,,,,,2,0.20916905444126055
2025-02-11,S010,South,P0790,Dairy,4.47,0,0,0,39,40,0,2,38.0,,,,,1,0.05924170616113744
2025-02-23,S010,South,P0790,Dairy,4.15,0,0,1,54,57,0,2,39.0,,,,,6,-0.07158836689038017
2025-02-24,S010,South,P0790,Dairy,4.54,0,0,0,44,44,1,2,54.0,,,,,0,0.09397590361445785
2025-03-19,S010,South,P0790,Dairy,4.0,0,0,0,43,50,0,3,44.0,,,,,2,-0.11894273127753308
2025-04-11,S010,South,P0790,Dairy,4.07,0,0,0,40,40,1,4,43.0,31.0,,,44.42857142857143,4,0.01750000000000007
2025-04-24,S010,South,P0790,Dairy,3.79,0,0,0,34,34,1,4,40.0,62.0,,,45.714285714285715,3,-0.06879606879606881
2025-05-27,S010,South,P0790,Dairy,3.46,1,0,0,48,48,1,5,34.0,38.0,,,41.714285714285715,1,-0.0870712401055409
2025-06-28,S010,South,P0790,Dairy,4.38,0,0,1,45,45,1,6,48.0,39.0,,,43.142857142857146,5,0.2658959537572254
2025-07-01,S010,South,P0790,Dairy,3.71,1,0,0,58,75,0,7,45.0,54.0,,,44.0,1,-0.15296803652968038
2025-07-02,S010,South,P0790,Dairy,3.26,1,0,0,64,81,0,7,58.0,44.0,,,44.57142857142857,2,-0.12129380053908356
2025-07-06,S010,South,P0790,Dairy,3.91,0,0,1,26,26,1,7,64.0,43.0,,,47.42857142857143,6,0.19938650306748484
2025-07-07,S010,South,P0790,Dairy,4.49,0,0,0,33,33,1,7,26.0,40.0,31.0,,45.0,0,0.1483375959079285
2025-08-21,S010,South,P0790,Dairy,3.21,1,0,0,52,52,1,8,33.0,34.0,62.0,,44.0,3,-0.2850779510022272
2025-09-03,S010,South,P0790,Dairy,4.33,0,0,0,40,40,1,9,52.0,48.0,38.0,,46.57142857142857,2,0.3489096573208723
2025-09-26,S010,South,P0790,Dairy,3.37,1,0,0,50,50,1,9,40.0,45.0,39.0,,45.42857142857143,4,-0.22170900692840645
2025-11-06,S010,South,P0790,Dairy,3.93,0,0,0,34,43,0,11,50.0,58.0,54.0,,46.142857142857146,3,0.16617210682492578
2025-11-11,S010,South,P0790,Dairy,3.89,0,0,0,41,48,0,11,34.0,64.0,44.0,,42.714285714285715,1,-0.010178117048346036
2025-12-04,S010,South,P0790,Dairy,4.36,0,0,0,32,39,0,12,41.0,26.0,43.0,,39.42857142857143,3,0.12082262210796912
2025-12-07,S010,South,P0790,Dairy,4.5,0,0,1,56,58,0,12,32.0,33.0,40.0,,40.285714285714285,6,0.032110091743119185
2025-01-13,S010,South,P0912,Personal Care,6.56,0,0,0,25,25,1,1,,,,,,0,
2025-02-04,S010,South,P0912,Personal Care,5.87,0,0,0,14,14,1,2,25.0,,,,,1,-0.10518292682926822
2025-02-09,S010,South,P0912,Personal Care,6.52,0,0,1,27,27,1,2,14.0,,,,,6,0.11073253833049401
2025-05-17,S010,South,P0912,Personal Care,6.29,0,0,1,34,43,0,5,27.0,,,,,5,-0.03527607361963181
2025-06-24,S010,South,P0912,Personal Care,6.07,0,0,0,27,27,1,6,34.0,,,,,1,-0.03497615262321141
2025-07-20,S010,South,P0912,Personal Care,6.13,0,0,1,27,27,1,7,27.0,,,,,6,0.009884678747940523
2025-08-06,S010,South,P0912,Personal Care,5.67,1,0,0,31,31,1,8,27.0,,,,,2,-0.07504078303425776
2025-09-14,S010,South,P0912,Personal Care,6.65,0,0,1,31,39,0,9,31.0,25.0,,,26.428571428571427,6,0.1728395061728396
2025-10-01,S010,South,P0912,Personal Care,5.68,1,0,0,40,40,1,10,31.0,14.0,,,27.285714285714285,2,-0.14586466165413547
2025-11-06,S010,South,P0912,Personal Care,5.3,1,0,0,38,40,0,11,40.0,27.0,,,31.0,3,-0.06690140845070425
2025-11-16,S010,South,P0912,Personal Care,5.35,1,0,1,45,45,1,11,38.0,34.0,,,32.57142857142857,6,0.00943396226415083
2025-12-01,S010,South,P0912,Personal Care,6.51,0,0,0,21,25,0,12,45.0,27.0,,,34.142857142857146,0,0.216822429906542
2025-12-04,S010,South,P0912,Personal Care,7.08,0,0,0,24,27,0,12,21.0,27.0,,,33.285714285714285,3,0.0875576036866359
2025-01-15,S010,South,P0913,Personal Care,6.18,0,0,0,22,26,0,1,,,,,,2,
2025-02-05,S010,South,P0913,Personal Care,5.98,0,0,0,19,19,1,2,22.0,,,,,2,-0.032362459546925404
2025-03-27,S010,South,P0913,Personal Care,5.85,0,0,0,19,19,1,3,19.0,,,,,3,-0.021739130434782705
2025-04-02,S010,South,P0913,Personal Care,6.83,0,0,0,29,36,0,4,19.0,,,,,2,0.1675213675213676
2025-05-13,S010,South,P0913,Personal Care,6.73,0,0,0,22,25,0,5,29.0,,,,,1,-0.014641288433382083
2025-05-16,S010,South,P0913,Personal Care,6.43,0,0,0,34,34,1,5,22.0,,,,,4,-0.04457652303120363
2025-05-25,S010,South,P0913,Personal Care,6.02,0,0,1,31,39,0,5,34.0,,,,,6,-0.0637636080870918
2025-05-26,S010,South,P0913,Personal Care,6.21,0,0,0,27,35,0,5,31.0,22.0,,,25.142857142857142,0,0.031561461794020085
2025-06-03,S010,South,P0913,Personal Care,6.67,0,0,0,24,24,1,6,27.0,19.0,,,25.857142857142858,1,0.07407407407407396
2025-06-10,S010,South,P0913,Personal Care,5.96,0,0,0,29,29,1,6,24.0,19.0,,,26.571428571428573,1,-0.1064467766116941
2025-06-20,S010,South,P0913,Personal Care,5.65,1,0,0,43,54,0,6,29.0,29.0,,,28.0,4,-0.052013422818791843
2025-07-05,S010,South,P0913,Personal Care,6.73,0,0,1,40,46,0,7,43.0,22.0,,,30.0,5,0.19115044247787605
2025-07-14,S010,South,P0913,Personal Care,6.51,0,0,0,20,20,0,7,40.0,34.0,,,32.57142857142857,0,-0.03268945022288272
2025-07-21,S010,South,P0913,Personal Care,6.36,0,0,0,22,22,1,7,20.0,31.0,,,30.571428571428573,0,-0.02304147465437778
2025-07-29,S010,South,P0913,Personal Care,6.0,0,0,0,28,34,0,7,22.0,27.0,22.0,,29.285714285714285,1,-0.05660377358490576
2025-07-29,S010,South,P0913,Personal Care,5.62,1,1,0,53,53,1,7,28.0,24.0,19.0,,29.428571428571427,1,-0.06333333333333335
2025-08-03,S010,South,P0913,Personal Care,6.08,0,0,1,37,37,1,8,53.0,29.0,19.0,,33.57142857142857,6,0.08185053380782925
2025-08-03,S010,South,P0913,Personal Care,5.74,1,0,1,28,28,1,8,37.0,43.0,29.0,,34.714285714285715,6,-0.05592105263157887
2025-08-15,S010,South,P0913,Personal Care,6.12,0,0,0,15,15,1,8,28.0,40.0,22.0,,32.57142857142857,4,0.0662020905923344
2025-08-25,S010,South,P0913,Personal Care,6.36,0,0,0,16,16,1,8,15.0,20.0,34.0,,29.0,0,0.03921568627450989
2025-08-30,S010,South,P0913,Personal Care,5.3,1,0,1,41,41,1,8,16.0,22.0,31.0,,28.428571428571427,5,-0.16666666666666674
2025-09-21,S010,South,P0913,Personal Care,6.97,0,0,1,26,26,1,9,41.0,28.0,27.0,,31.142857142857142,6,0.31509433962264155
2025-09-21,S010,South,P0913,Personal Care,5.06,1,0,1,40,44,0,9,26.0,53.0,24.0,,30.857142857142858,6,-0.27403156384505023
2025-10-04,S010,South,P0913,Personal Care,5.92,1,0,1,41,41,1,10,40.0,37.0,29.0,,29.0,5,0.16996047430830052
2025-10-21,S010,South,P0913,Personal Care,6.6,0,0,0,28,33,0,10,41.0,28.0,43.0,,29.571428571428573,1,0.11486486486486491
2025-10-30,S010,South,P0913,Personal Care,5.41,1,0,0,26,26,1,10,28.0,15.0,40.0,,29.571428571428573,3,-0.1803030303030302
2025-12-18,S010,South,P0913,Personal Care,5.25,1,1,0,39,39,1,12,26.0,16.0,20.0,,31.142857142857142,3,-0.02957486136783738
